2,10006.72,2051.0,0.0,0.0,0.0,0,0,1,0,-2051.0,0.0,4.878946855192589,1
2,6108.27,21703.0,15594.73,0.0,0.0,0,0,1,0,-6108.27,0.0,0.28144818688660556,1
2,122810.19,15594.73,0.0,469479.26,592289.45,1,0,0,0,-15594.73,122810.18999999994,7.875108450098207,1
2,10738.05,51790.0,41051.95,0.0,0.0,0,0,1,0,-10738.050000000003,0.0,0.20733828924502798,1
2,4674.03,11556.0,6881.97,18641.45,23315.48,0,1,0,0,-4674.03,4674.029999999999,0.4044678089304257,1
2,4570.29,6881.97,2311.67,0.0,0.0,0,0,1,0,-4570.3,0.0,0.6640961817619082,1
2,3995.57,106919.0,102923.43,12145.85,16141.42,0,1,0,0,-3995.570000000007,3995.5699999999997,0.037370065189536006,1
2,702.32,31423.0,30720.68,1.107285386E7,1.107355618E7,0,1,0,0,-702.3199999999997,702.320000000298,0.02235050758998186,1
2,7312.49,16521.0,9208.51,0.0,0.0,0,0,1,0,-7312.49,0.0,0.44261788027359117,1
2,3567.5,9208.51,5641.01,0.0,0.0,0,0,1,0,-3567.5,0.0,0.3874133817523139,1
2,1994.71,5641.01,3646.3,0.0,0.0,0,0,1,0,-1994.71,0.0,0.3536086622785636,1
2,1657.09,28009.87,26352.78,0.0,0.0,0,0,1,0,-1657.0900000000001,0.0,0.05916093148593692,1
2,68630.15,26352.78,0.0,148688.71,217318.86,0,0,0,1,-26352.78,68630.15,2.604285012814587,1
2,3095.41,480.0,0.0,0.0,0.0,0,0,1,0,-480.0,0.0,6.448770833333333,1
2,1971.81,5363.0,3391.19,0.0,0.0,0,0,1,0,-1971.81,0.0,0.36766921499160915,1
2,3121.81,16733.0,13611.19,0.0,0.0,0,0,1,0,-3121.8099999999995,0.0,0.18656606705312853,1
2,4987.75,21420.0,16432.25,0.0,0.0,0,0,1,0,-4987.75,0.0,0.2328548085901027,1
2,5143.81,50808.73,45664.93,0.0,0.0,0,0,1,0,-5143.800000000003,0.0,0.10123870445098707,1
2,45458.81,45664.93,206.12,63112.23,108571.04,1,0,0,0,-45458.81,45458.80999999999,0.9954862517034406,1
2,8723.42,39742.0,31018.58,0.0,0.0,0,0,1,0,-8723.419999999998,0.0,0.21950128327713753,1
2,10805.83,311117.0,300311.17,0.0,0.0,0,0,1,0,-10805.830000000016,0.0,0.03473236756589965,1
2,9446.02,395.0,0.0,0.0,0.0,0,0,1,0,-395.0,0.0,23.913974683544303,1
2,9145.05,6419.29,0.0,0.0,0.0,0,0,1,0,-6419.29,0.0,1.4246201682740613,1
2,55940.69,0.0,0.0,82686.96,138627.65,1,0,0,0,0.0,55940.68999999999,0.0,1
2,5745.53,21032.0,15286.47,0.0,0.0,0,0,1,0,-5745.530000000001,0.0,0.27318039178394826,1
2,4249.18,39989.0,35739.82,0.0,0.0,0,0,1,0,-4249.18,0.0,0.10625872114831579,1
2,7667.38,179634.7,171967.32,0.0,0.0,0,0,1,0,-7667.380000000005,0.0,0.04268317869543022,1
2,30017.69,171967.32,141949.63,1498209.32,1528227.01,1,0,0,0,-30017.690000000002,30017.689999999944,0.1745546188659566,1
2,5812.29,194245.0,188432.71,0.0,0.0,0,0,1,0,-5812.290000000008,0.0,0.029922469046822314,1
2,2292.68,20932.0,18639.32,0.0,0.0,0,0,1,0,-2292.6800000000003,0.0,0.10952990636346263,1
2,2959.21,11764.0,8804.79,0.0,0.0,0,0,1,0,-2959.209999999999,0.0,0.2515479428765726,1
2,881.53,8804.79,7923.27,0.0,0.0,0,0,1,0,-881.5200000000004,0.0,0.10011936684463796,1
2,15245.32,29982.0,14736.68,0.0,0.0,0,0,1,0,-15245.32,0.0,0.5084824227870055,1
2,4468.28,26275.0,21806.72,0.0,0.0,0,0,1,0,-4468.279999999999,0.0,0.17005823025689817,1
2,7803.48,322.0,0.0,0.0,0.0,0,0,1,0,-322.0,0.0,24.2344099378882,1
2,3293.28,681.0,0.0,0.0,0.0,0,0,1,0,-681.0,0.0,4.835947136563877,1
2,18483.96,336667.4,318183.44,0.0,0.0,0,0,1,0,-18483.96000000002,0.0,0.05490273189503943,1
2,131087.07,318183.44,187096.37,338120.46,469207.53,1,0,0,0,-131087.07,131087.07,0.4119858343350616,1
2,1160.21,22882.0,21721.79,3277.0,0.0,0,1,0,0,-1160.2099999999991,-3277.0,0.05070404684905166,1
2,21394.15,11161.0,0.0,0.0,0.0,0,0,1,0,-11161.0,0.0,1.9168667682107339,1
2,84911.32,275.63,0.0,1330.96,86242.27,0,0,0,1,-275.63,84911.31,308.0626927402678,1
2,32733.62,0.0,0.0,191972.11,224705.73,1,0,0,0,0.0,32733.620000000024,0.0,1
2,2740.48,4437.21,1696.74,0.0,0.0,0,0,1,0,-2740.4700000000003,0.0,0.6176133200817631,1
2,5556.1,1696.74,0.0,0.0,0.0,0,0,1,0,-1696.74,0.0,3.274573594068626,1
2,826.36,0.0,0.0,0.0,0.0,0,0,1,0,0.0,0.0,0.0,1
2,3308.25,0.0,0.0,0.0,0.0,0,0,1,0,0.0,0.0,0.0,1
2,28714.16,0.0,0.0,0.0,0.0,0,0,1,0,0.0,0.0,0.0,1
2,12691.84,0.0,0.0,0.0,0.0,0,0,1,0,0.0,0.0,0.0,1
2,14841.59,0.0,0.0,0.0,0.0,0,0,1,0,0.0,0.0,0.0,1
2,25162.93,0.0,0.0,0.0,0.0,0,0,1,0,0.0,0.0,0.0,1
2,2713.13,0.0,0.0,0.0,0.0,0,0,1,0,0.0,0.0,0.0,1
2,12129.31,0.0,0.0,0.0,0.0,0,0,1,0,0.0,0.0,0.0,1
2,28118.46,0.0,0.0,0.0,0.0,0,0,1,0,0.0,0.0,0.0,1
2,9157.3,10772.0,1614.7,0.0,0.0,0,0,1,0,-9157.3,0.0,0.8501021165985889,1
2,22012.11,1614.7,0.0,0.0,0.0,0,0,1,0,-1614.7,0.0,13.632321793522017,1
2,981.57,191.0,0.0,31223.0,32204.57,0,1,0,0,-191.0,981.5699999999997,5.13910994764398,1
2,2293.28,8120.0,5826.72,1184820.89,1187114.17,0,1,0,0,-2293.2799999999997,2293.280000000028,0.2824236453201971,1
2,21069.51,6346.0,0.0,0.0,0.0,0,0,1,0,-6346.0,0.0,3.3201244878663725,1
2,4865.12,5939.0,1073.88,0.0,0.0,0,0,1,0,-4865.12,0.0,0.8191816804175787,1
2,2409.12,1073.88,0.0,0.0,0.0,0,0,1,0,-1073.88,0.0,2.243379148508213,1
2,6605.53,22422.0,15816.47,0.0,0.0,0,0,1,0,-6605.530000000001,0.0,0.2946003924716796,1
2,203471.91,59971.0,0.0,3523298.32,3726770.23,0,0,0,1,-59971.0,203471.91000000015,3.392838371879742,1
2,254199.52,23204.09,277403.62,23701.82,0.0,0,0,0,0,254199.53,-23701.82,10.954944580890697,1
2,8834.5,277403.62,268569.12,0.0,0.0,0,0,1,0,-8834.5,0.0,0.03184709702057962,1
2,2290.0,268569.12,266279.12,0.0,0.0,0,0,1,0,-2290.0,0.0,0.008526669037750878,1
2,6002.42,266279.12,260276.69,0.0,0.0,0,0,1,0,-6002.429999999993,0.0,0.022541835048876534,1
2,1102.38,260276.69,259174.31,0.0,0.0,0,0,1,0,-1102.3800000000047,0.0,0.004235415780030091,1
2,17827.48,259174.31,241346.84,0.0,0.0,0,0,1,0,-17827.47,0.0,0.06878567555557494,1
2,1702.16,21548.0,19845.84,0.0,0.0,0,0,1,0,-1702.1599999999999,0.0,0.07899387414145165,1
2,183763.58,31.0,0.0,0.0,183763.58,0,0,0,1,-31.0,183763.58,5927.857419354838,1
2,308871.37,31486.0,0.0,0.0,308871.37,0,0,0,1,-31486.0,308871.37,9.80980022867306,1
2,11357.4,60989.84,49632.45,0.0,0.0,0,0,1,0,-11357.39,0.0,0.18621790121108697,1
2,14775.56,49632.45,34856.89,0.0,0.0,0,0,1,0,-14775.559999999998,0.0,0.29769958968376536,1
2,2234.3,35736.0,33501.7,0.0,0.0,0,0,1,0,-2234.300000000003,0.0,0.06252238638907545,1
2,3017.34,55619.0,52601.66,14566.06,17583.4,0,1,0,0,-3017.3399999999965,3017.340000000002,0.0542501663100739,1
2,3627.48,436.0,0.0,28422.37,32049.85,0,1,0,0,-436.0,3627.4799999999996,8.319908256880733,1
2,2997.75,0.0,0.0,0.0,0.0,0,0,1,0,0.0,0.0,0.0,1
2,448593.63,4580.0,0.0,0.0,448593.63,0,0,0,1,-4580.0,448593.63,97.94620742358079,1
2,265.2,4363.08,4097.88,0.0,0.0,0,0,1,0,-265.1999999999998,0.0,0.06078274980059958,1
2,7766.84,4097.88,0.0,0.0,0.0,0,0,1,0,-4097.88,0.0,1.895331244448349,1
2,149.66,0.0,0.0,0.0,0.0,0,0,1,0,0.0,0.0,0.0,1
2,7853.17,0.0,0.0,0.0,0.0,0,0,1,0,0.0,0.0,0.0,1
2,15498.52,0.0,0.0,0.0,0.0,0,0,1,0,0.0,0.0,0.0,1
2,2619.18,0.0,0.0,0.0,0.0,0,0,1,0,0.0,0.0,0.0,1
2,2272.46,0.0,0.0,0.0,0.0,0,0,1,0,0.0,0.0,0.0,1
2,1395.69,0.0,0.0,0.0,0.0,0,0,1,0,0.0,0.0,0.0,1
2,18658.63,0.0,0.0,0.0,0.0,0,0,1,0,0.0,0.0,0.0,1
2,20051.7,0.0,0.0,0.0,0.0,0,0,1,0,0.0,0.0,0.0,1
2,1644.19,0.0,0.0,0.0,0.0,0,0,1,0,0.0,0.0,0.0,1
2,1445.37,0.0,0.0,0.0,0.0,0,0,1,0,0.0,0.0,0.0,1
2,14949.84,14949.84,0.0,0.0,0.0,0,0,0,1,-14949.84,0.0,1.0,1
2,14949.84,14949.84,0.0,18161.79,33111.63,1,0,0,0,-14949.84,14949.839999999997,1.0,1
2,5647.66,242264.0,236616.34,0.0,0.0,0,0,1,0,-5647.6600000000035,0.0,0.023312006736452794,1
2,5183.53,39867.0,34683.47,0.0,0.0,0,0,1,0,-5183.529999999999,0.0,0.1300205683898964,1
2,189592.17,34683.47,0.0,9178122.36,9367714.52,1,0,0,0,-34683.47,189592.16000000015,5.466355298359709,1
2,1841.58,25257.0,23415.42,21697.97,23539.55,0,1,0,0,-1841.5800000000017,1841.579999999998,0.07291364770162727,1
2,23377.76,404976.0,381598.24,206.12,23583.88,0,0,0,1,-23377.76000000001,23377.760000000002,0.057726285014420606,1
2,10788.66,80777.0,69988.34,0.0,0.0,0,0,1,0,-10788.660000000003,0.0,0.13356103841440015,1
2,2636.86,316997.39,314360.53,0.0,0.0,0,0,1,0,-2636.859999999986,0.0,0.00831823883471091,1
2,12787.03,314360.53,301573.51,0.0,0.0,0,0,1,0,-12787.020000000019,0.0,0.040676321547110254,1
2,13285.98,17504.47,4218.49,0.0,0.0,0,0,1,0,-13285.980000000001,0.0,0.7590049855836822,1
2,69038.41,4218.49,0.0,814113.89,2051802.27,1,0,0,0,-4218.49,1237688.38,16.36566875825236,1
2,5750.69,21201.0,15450.31,0.0,0.0,0,0,1,0,-5750.6900000000005,0.0,0.27124616763360215,1
2,1726.62,5533.0,3806.38,53743.06,56847.02,0,1,0,0,-1726.62,3103.959999999999,0.3120585577444424,1
2,5908.57,23921.0,18012.43,0.0,0.0,0,0,1,0,-5908.57,0.0,0.2470034697546089,1
2,9611.47,18012.43,8400.96,0.0,0.0,0,0,1,0,-9611.470000000001,0.0,0.5336020736791204,1
2,11816.56,55201.0,43384.44,0.0,0.0,0,0,1,0,-11816.559999999998,0.0,0.21406423796670349,1
2,439.66,20529.0,20089.34,0.0,0.0,0,0,1,0,-439.65999999999985,0.0,0.021416532709825128,1
2,3470.6,1528.22,0.0,0.0,0.0,0,0,1,0,-1528.22,0.0,2.271008100927877,1
2,13802.16,0.0,0.0,0.0,0.0,0,0,1,0,0.0,0.0,0.0,1
2,2391.38,38902.0,36510.62,0.0,0.0,0,0,1,0,-2391.3799999999974,0.0,0.061471903758161535,1
2,4738.43,6258.0,1519.57,0.0,0.0,0,0,1,0,-4738.43,0.0,0.7571796100990732,1
2,12099.05,118245.0,106145.95,0.0,0.0,0,0,1,0,-12099.050000000003,0.0,0.10232187407501374,1
2,13550.62,38798.0,25247.38,0.0,0.0,0,0,1,0,-13550.619999999999,0.0,0.34926078663848653,1
2,4539.49,2084.0,0.0,0.0,0.0,0,0,1,0,-2084.0,0.0,2.178258157389635,1
2,233432.28,56098.0,289530.28,1891.79,0.0,0,0,0,0,233432.28000000003,-1891.79,4.161151556205212,1
2,17549.8,38725.0,21175.2,0.0,0.0,0,0,1,0,-17549.8,0.0,0.45319044544867654,1
2,6416.72,25234.75,18818.03,0.0,0.0,0,0,1,0,-6416.720000000001,0.0,0.25428110046661845,1
2,232486.18,18818.03,0.0,1070702.75,921817.65,1,0,0,0,-18818.03,-148885.09999999998,12.354437738700598,1
2,53083.59,0.0,0.0,197285.12,73147.6,1,0,0,0,0.0,-124137.51999999999,0.0,1
2,110520.75,0.0,0.0,330085.6,617488.4,1,0,0,0,0.0,287402.80000000005,0.0,1
2,104222.89,0.0,0.0,4629353.77,4517761.53,1,0,0,0,0.0,-111592.23999999929,0.0,1
2,107963.88,0.0,0.0,469207.53,270110.78,1,0,0,0,0.0,-199096.75,0.0,1
2,332574.96,0.0,0.0,6609667.12,6818933.6,1,0,0,0,0.0,209266.47999999952,0.0,1
2,234198.21,0.0,0.0,1791710.89,1840076.94,1,0,0,0,0.0,48366.05000000005,0.0,1
2,188890.52,0.0,0.0,577171.41,270110.78,1,0,0,0,0.0,-307060.63,0.0,1
2,299336.05,0.0,0.0,744264.96,1748436.14,1,0,0,0,0.0,1004171.1799999999,0.0,1
2,6016.03,0.0,0.0,27316.83,33332.86,1,0,0,0,0.0,6016.029999999999,0.0,1
2,259448.64,0.0,0.0,440606.35,617488.4,1,0,0,0,0.0,176882.05000000005,0.0,1
2,22948.44,0.0,0.0,55249.0,36407.19,1,0,0,0,0.0,-18841.809999999998,0.0,1
2,142442.16,0.0,0.0,637928.74,547215.12,1,0,0,0,0.0,-90713.62,0.0,1
2,49267.14,0.0,0.0,90955.09,2167.32,1,0,0,0,0.0,-88787.76999999999,0.0,1
2,692460.02,0.0,0.0,883152.29,2051802.27,1,0,0,0,0.0,1168649.98,0.0,1
2,211131.43,0.0,0.0,1.107355618E7,1.306082621E7,1,0,0,0,0.0,1987270.0300000012,0.0,1
2,150366.56,0.0,0.0,766061.93,270110.78,1,0,0,0,0.0,-495951.15,0.0,1
2,10511.06,0.0,0.0,43471.0,53982.06,1,0,0,0,0.0,10511.059999999998,0.0,1
2,44145.7,0.0,0.0,247417.0,96636.56,1,0,0,0,0.0,-150780.44,0.0,1
2,733.57,181.0,0.0,0.0,0.0,0,0,1,0,-181.0,0.0,4.052872928176796,1
2,3035.96,890.0,0.0,329055.0,7074754.63,0,1,0,0,-890.0,6745699.63,3.411191011235955,1
2,1330.82,30803.0,29472.18,0.0,0.0,0,0,1,0,-1330.8199999999997,0.0,0.043204233353894096,1
2,478.1,1062.0,583.9,0.0,0.0,0,0,1,0,-478.1,0.0,0.4501883239171375,1
2,1500.44,29053.0,27552.56,0.0,0.0,0,0,1,0,-1500.4399999999987,0.0,0.05164492479262039,1
2,4794.98,36205.0,31410.02,0.0,0.0,0,0,1,0,-4794.98,0.0,0.13243971827095705,1
2,1777.63,7261.0,5483.37,373838.99,66548.75,0,1,0,0,-1777.63,-307290.24,0.2448188954689437,1
2,12475.89,5483.37,0.0,0.0,0.0,0,0,1,0,-5483.37,0.0,2.2752230836146383,1
2,129484.36,220676.0,91191.64,11514.0,120074.73,0,0,0,1,-129484.36,108560.73,0.5867623121680654,1
2,3887.42,59948.0,56060.58,0.0,0.0,0,0,1,0,-3887.4199999999983,0.0,0.0648465336625075,1
2,8416.21,56060.58,47644.38,0.0,0.0,0,0,1,0,-8416.200000000004,0.0,0.15012705897798415,1
2,2801.67,20044.0,17242.33,0.0,0.0,0,0,1,0,-2801.6699999999983,0.0,0.13977599281580524,1
2,3065.51,47381.0,44315.49,0.0,0.0,0,0,1,0,-3065.510000000002,0.0,0.06469914100588844,1
2,3814.9,51545.0,47730.1,0.0,0.0,0,0,1,0,-3814.9000000000015,0.0,0.07401105829857406,1
2,235882.32,137806.0,0.0,281857.03,68880.79,0,0,0,1,-137806.0,-212976.24000000005,1.7116984746672859,1
2,79037.41,497284.0,576321.41,17609.0,0.0,0,0,0,0,79037.41000000003,-17609.0,0.1589381721511249,1
2,4189.91,12885.0,8695.09,0.0,0.0,0,0,1,0,-4189.91,0.0,0.3251773379899107,1
2,6621.75,75329.4,68707.65,0.0,0.0,0,0,1,0,-6621.75,0.0,0.087903925957196,1
2,49367.62,68707.65,19340.02,877201.48,3208966.39,0,0,0,1,-49367.62999999999,2331764.91,0.7185170792480896,1
2,162724.99,19340.02,0.0,6534746.07,7760414.85,0,0,0,1,-19340.02,1225668.7799999993,8.413899778800642,1
2,217743.76,0.0,0.0,1096187.24,1313931.0,0,0,0,1,0.0,217743.76,0.0,1
2,189352.83,0.0,0.0,301573.51,167163.39,0,0,0,1,0.0,-134410.12,0.0,1
2,191616.27,0.0,0.0,283047.18,458875.87,0,0,0,1,0.0,175828.69,0.0,1
2,1773020.91,0.0,0.0,1.128468761E7,1.306082621E7,0,0,0,1,0.0,1776138.6000000015,0.0,1
2,1869161.56,0.0,0.0,2906551.06,6235766.54,0,0,0,1,0.0,3329215.48,0.0,1
2,170610.11,0.0,0.0,1095914.71,1066634.1,0,0,0,1,0.0,-29280.60999999987,0.0,1
2,939018.7,0.0,0.0,1791001.63,2485918.01,0,0,0,1,0.0,694916.3799999999,0.0,1
2,721458.64,0.0,0.0,1043601.01,1748436.14,0,0,0,1,0.0,704835.1299999999,0.0,1
2,1487557.25,0.0,0.0,1.015556402E7,1.115733625E7,0,0,0,1,0.0,1001772.2300000004,0.0,1
2,418492.9,0.0,0.0,592289.45,486798.02,0,0,0,1,0.0,-105491.42999999993,0.0,1
2,490747.67,0.0,0.0,7416184.79,7103899.5,0,0,0,1,0.0,-312285.29000000004,0.0,1
2,257641.56,0.0,0.0,3541578.38,7173523.49,0,0,0,1,0.0,3631945.1100000003,0.0,1
2,984994.76,0.0,0.0,5729799.14,7473141.22,0,0,0,1,0.0,1743342.08,0.0,1
2,884591.4,0.0,0.0,926569.1,3208966.39,0,0,0,1,0.0,2282397.29,0.0,1
2,376507.72,0.0,0.0,6714793.9,7473141.22,0,0,0,1,0.0,758347.3199999994,0.0,1
2,507138.3,0.0,0.0,5579568.65,5792135.89,0,0,0,1,0.0,212567.2399999993,0.0,1
2,603258.56,0.0,0.0,6697471.07,7760414.85,0,0,0,1,0.0,1062943.7799999993,0.0,1
2,129735.3,0.0,0.0,138395.49,268130.78,0,0,0,1,0.0,129735.29000000004,0.0,1
2,152649.37,0.0,0.0,1166470.9,1116289.38,0,0,0,1,0.0,-50181.52000000002,0.0,1
2,3714.42,176131.8,172417.38,0.0,0.0,0,0,1,0,-3714.4199999999837,0.0,0.021088866405725715,1
2,135348.62,172417.38,37068.76,490926.34,167163.39,0,0,0,1,-135348.62,-323762.95,0.7850056647421506,1
2,8068.5,19934.0,11865.5,0.0,0.0,0,0,1,0,-8068.5,0.0,0.40476071034413563,1
2,4890.32,52693.0,47802.68,0.0,0.0,0,0,1,0,-4890.32,0.0,0.0928077733285256,1
2,27037.66,47802.68,20765.02,0.0,0.0,0,0,1,0,-27037.66,0.0,0.5656097105852642,1
2,7360.48,289120.0,281759.52,0.0,0.0,0,0,1,0,-7360.479999999981,0.0,0.02545821804095185,1
2,850.65,281759.52,280908.87,0.0,0.0,0,0,1,0,-850.6500000000233,0.0,0.0030190639166335887,1
2,2276.89,10053.53,7776.65,0.0,0.0,0,0,1,0,-2276.880000000001,0.0,0.22647667038343744,1
2,30858.63,7776.65,0.0,0.0,0.0,0,0,1,0,-7776.65,0.0,3.9681135193174444,1
2,8386.17,30871.0,22484.83,0.0,0.0,0,0,1,0,-8386.169999999998,0.0,0.27165203589128956,1
2,12029.55,22484.83,10455.28,0.0,0.0,0,0,1,0,-12029.550000000001,0.0,0.535007380531674,1
2,10597.26,44464.0,33866.74,0.0,0.0,0,0,1,0,-10597.260000000002,0.0,0.23833348326736237,1
2,9213.89,11392.0,2178.11,0.0,0.0,0,0,1,0,-9213.89,0.0,0.8088035463483145,1
2,526.83,79028.0,78501.17,0.0,0.0,0,0,1,0,-526.8300000000017,0.0,0.0066663714126638665,1
2,2837.62,78501.17,75663.55,0.0,0.0,0,0,1,0,-2837.6199999999953,0.0,0.03614748671898776,1
2,12894.97,20527.0,7632.03,0.0,0.0,0,0,1,0,-12894.970000000001,0.0,0.6281955473279095,1
2,256227.34,83198.0,0.0,52415.15,140163.41,0,0,0,1,-83198.0,87748.26000000001,3.0797295608067503,1
2,8348.86,44989.0,36640.14,0.0,0.0,0,0,1,0,-8348.86,0.0,0.185575585143035,1
2,5825.97,784.0,0.0,0.0,0.0,0,0,1,0,-784.0,0.0,7.43108418367347,1
2,202.28,555920.0,555717.72,0.0,0.0,0,0,1,0,-202.28000000002794,0.0,3.638653043603396E-4,1
2,4924.01,46869.72,41945.71,43691.09,81584.44,0,1,0,0,-4924.010000000002,37893.350000000006,0.10505738032998704,1
2,170099.02,41945.71,0.0,608063.0,778162.02,1,0,0,0,-41945.71,170099.02000000002,4.055218519367058,1
2,2346.51,20285.79,17939.28,0.0,0.0,0,0,1,0,-2346.510000000002,0.0,0.11567259643326684,1
2,3252.29,17939.28,14687.0,0.0,0.0,0,0,1,0,-3252.279999999999,0.0,0.18129434403164454,1
2,4147.62,14687.0,10539.37,0.0,0.0,0,0,1,0,-4147.629999999999,0.0,0.28240076257915164,1
2,3597.85,45405.0,41807.15,0.0,0.0,0,0,1,0,-3597.8499999999985,0.0,0.07923907058693976,1
2,6574.63,91019.0,84444.37,0.0,0.0,0,0,1,0,-6574.630000000005,0.0,0.07223359957811007,1
2,1895.47,214570.0,212674.53,0.0,0.0,0,0,1,0,-1895.4700000000012,0.0,0.008833807149182086,1
2,5832.27,51437.0,45604.73,0.0,0.0,0,0,1,0,-5832.269999999997,0.0,0.11338666718510022,1
2,8417.96,9067.0,649.04,0.0,0.0,0,0,1,0,-8417.96,0.0,0.9284173375978824,1
2,5127.21,15743.0,10615.79,0.0,0.0,0,0,1,0,-5127.209999999999,0.0,0.32568189036397127,1
2,3476.19,0.0,0.0,5056707.37,4450740.26,0,1,0,0,0.0,-605967.1100000003,0.0,1
2,11493.01,0.0,0.0,0.0,0.0,0,0,1,0,0.0,0.0,0.0,1
2,15470.9,66146.0,50675.1,0.0,0.0,0,0,1,0,-15470.900000000001,0.0,0.23389018232395004,1
2,394.34,75374.0,74979.66,107168.0,0.0,0,1,0,0,-394.3399999999965,-107168.0,0.005231777536020378,1
2,60223.17,26667.0,86890.17,0.0,0.0,0,0,0,0,60223.17,0.0,2.258340645741928,1
2,32969.34,164131.0,131161.66,48615.1,81584.44,1,0,0,0,-32969.34,32969.340000000004,0.2008721082549914,1
2,1266.42,20897.0,19630.58,0.0,0.0,0,0,1,0,-1266.4199999999983,0.0,0.06060295736230081,1
2,694.12,19809.0,19114.88,0.0,0.0,0,0,1,0,-694.119999999999,0.0,0.03504063809379575,1
2,1605.63,30499.0,28893.37,0.0,0.0,0,0,1,0,-1605.630000000001,0.0,0.05264533263385685,1
2,14079.08,3112.29,0.0,0.0,0.0,0,0,1,0,-3112.29,0.0,4.523704410578706,1
2,10967.47,0.0,0.0,0.0,0.0,0,0,1,0,0.0,0.0,0.0,1
2,4143.87,100358.32,96214.45,100111.69,22736.93,0,1,0,0,-4143.87000000001,-77374.76000000001,0.0412907469953662,1
2,7738.69,96214.45,88475.76,0.0,0.0,0,0,1,0,-7738.690000000002,0.0,0.08043168151977172,1
2,3783.72,173135.98,169352.26,0.0,0.0,0,0,1,0,-3783.720000000001,0.0,0.021854036347615322,1
2,23147.49,169352.26,146204.77,0.0,0.0,0,0,1,0,-23147.49000000002,0.0,0.13668249836169888,1
2,141.03,146204.77,146063.74,0.0,0.0,0,0,1,0,-141.02999999999884,0.0,9.646060111445066E-4,1
2,303473.14,798.0,0.0,0.0,303473.14,0,0,0,1,-798.0,303473.14,380.2921553884712,1
2,1196.61,104851.0,103654.39,0.0,0.0,0,0,1,0,-1196.6100000000006,0.0,0.011412480567662682,1
2,19288.9,12777.0,0.0,0.0,0.0,0,0,1,0,-12777.0,0.0,1.5096579791813416,1
2,2217.41,0.0,0.0,0.0,0.0,0,0,1,0,0.0,0.0,0.0,1
2,11391.64,0.0,0.0,0.0,0.0,0,0,1,0,0.0,0.0,0.0,1
2,2897.59,13002.91,10105.32,0.0,0.0,0,0,1,0,-2897.59,0.0,0.2228416562138783,1
2,4886.95,10105.32,5218.37,0.0,0.0,0,0,1,0,-4886.95,0.0,0.48360170682373244,1
2,2556.31,5218.37,2662.06,0.0,0.0,0,0,1,0,-2556.31,0.0,0.4898675256833072,1
2,1212.07,2662.06,1449.99,0.0,0.0,0,0,1,0,-1212.07,0.0,0.45531280286695264,1
2,4072.66,1449.99,0.0,0.0,0.0,0,0,1,0,-1449.99,0.0,2.808750405175208,1
2,2441.09,0.0,0.0,0.0,0.0,0,0,1,0,0.0,0.0,0.0,1
2,7074.35,0.0,0.0,0.0,0.0,0,0,1,0,0.0,0.0,0.0,1
2,5045.77,0.0,0.0,0.0,0.0,0,0,1,0,0.0,0.0,0.0,1
2,12542.66,0.0,0.0,0.0,0.0,0,0,1,0,0.0,0.0,0.0,1
2,34.22,0.0,0.0,0.0,0.0,0,0,1,0,0.0,0.0,0.0,1
2,8087.5,0.0,0.0,0.0,0.0,0,0,1,0,0.0,0.0,0.0,1
2,18714.87,0.0,0.0,0.0,0.0,0,0,1,0,0.0,0.0,0.0,1
2,10965.89,0.0,0.0,0.0,0.0,0,0,1,0,0.0,0.0,0.0,1
2,7707.04,0.0,0.0,0.0,0.0,0,0,1,0,0.0,0.0,0.0,1
2,2980.24,0.0,0.0,0.0,0.0,0,0,1,0,0.0,0.0,0.0,1
2,20603.4,0.0,0.0,0.0,0.0,0,0,1,0,0.0,0.0,0.0,1
2,14514.14,0.0,0.0,0.0,0.0,0,0,1,0,0.0,0.0,0.0,1
2,18782.2,0.0,0.0,0.0,0.0,0,0,1,0,0.0,0.0,0.0,1
2,19332.44,0.0,0.0,0.0,0.0,0,0,1,0,0.0,0.0,0.0,1
2,3286.78,0.0,0.0,0.0,0.0,0,0,1,0,0.0,0.0,0.0,1
2,21987.06,0.0,0.0,0.0,0.0,0,0,1,0,0.0,0.0,0.0,1
2,13839.11,0.0,0.0,0.0,0.0,0,0,1,0,0.0,0.0,0.0,1
2,3879.64,0.0,0.0,0.0,0.0,0,0,1,0,0.0,0.0,0.0,1
2,38.88,0.0,0.0,0.0,0.0,0,0,1,0,0.0,0.0,0.0,1
2,2942.66,0.0,0.0,0.0,0.0,0,0,1,0,0.0,0.0,0.0,1
2,10024.14,31756.0,21731.86,0.0,0.0,0,0,1,0,-10024.14,0.0,0.31566129235420076,1
2,3949.99,5533.0,1583.01,209201.42,195932.4,0,1,0,0,-3949.99,-13269.020000000019,0.71389662027833,1
2,7888.3,325.0,0.0,57107.0,4770.58,0,1,0,0,-325.0,-52336.42,24.27169230769231,1
2,4994.3,32204.57,27210.28,0.0,0.0,0,0,1,0,-4994.290000000001,0.0,0.15508047460344915,1
2,14213.84,27210.28,12996.44,0.0,0.0,0,0,1,0,-14213.839999999998,0.0,0.5223702218426272,1
2,3868.15,30695.0,26826.85,11142.89,15011.03,0,1,0,0,-3868.1500000000015,3868.1400000000012,0.12601889558560025,1
2,8723.05,12580.0,3856.95,1266524.82,1066634.1,0,1,0,0,-8723.05,-199890.71999999997,0.693406200317965,1
2,7204.66,15425.0,8220.34,0.0,0.0,0,0,1,0,-7204.66,0.0,0.4670768233387358,1
2,764.8,50823.0,50058.2,0.0,0.0,0,0,1,0,-764.8000000000029,0.0,0.015048304901324203,1
2,5910.1,474663.45,468753.35,0.0,0.0,0,0,1,0,-5910.100000000035,0.0,0.012451137748229825,1
2,9877.48,468753.35,458875.87,0.0,0.0,0,0,1,0,-9877.479999999981,0.0,0.0210718067401545,1
2,8194.49,10046.0,1851.51,0.0,0.0,0,0,1,0,-8194.49,0.0,0.8156967947441768,1
2,1477.91,608724.0,607246.09,0.0,0.0,0,0,1,0,-1477.9100000000326,0.0,0.002427881930070114,1
2,4004.23,1203.0,0.0,0.0,0.0,0,0,1,0,-1203.0,0.0,3.328536990856193,1
2,423.81,306613.0,306189.19,0.0,0.0,0,0,1,0,-423.8099999999977,0.0,0.0013822310208634336,1
2,6012.68,250368.71,244356.03,141949.63,147962.31,0,1,0,0,-6012.679999999993,6012.679999999993,0.024015301273070427,1
2,2478.71,244356.03,241877.32,0.0,0.0,0,0,1,0,-2478.709999999992,0.0,0.010143846255809608,1
2,10592.75,64995.3,54402.54,0.0,0.0,0,0,1,0,-10592.760000000002,0.0,0.1629771691183824,1
2,6382.51,54402.54,48020.03,0.0,0.0,0,0,1,0,-6382.510000000002,0.0,0.11732007365832552,1
2,5840.15,31275.0,25434.85,0.0,0.0,0,0,1,0,-5840.1500000000015,0.0,0.18673541167066346,1
2,7767.92,39692.0,31924.08,0.0,0.0,0,0,1,0,-7767.919999999998,0.0,0.19570492794517788,1
2,740.95,782.0,41.05,0.0,0.0,0,0,1,0,-740.95,0.0,0.9475063938618926,1
2,67234.96,66203.0,0.0,0.0,67234.96,0,0,0,1,-66203.0,67234.96,1.0155878132410918,1
2,3088.09,280442.0,277353.91,0.0,0.0,0,0,1,0,-3088.0900000000256,0.0,0.01101151040143773,1
2,14198.34,12801.94,0.0,0.0,0.0,0,0,1,0,-12801.94,0.0,1.1090772179841493,1
2,29414.89,0.0,0.0,0.0,0.0,0,0,1,0,0.0,0.0,0.0,1
2,402.22,0.0,0.0,0.0,0.0,0,0,1,0,0.0,0.0,0.0,1
2,6934.8,501.0,0.0,0.0,0.0,0,0,1,0,-501.0,0.0,13.841916167664671,1
2,9614.45,0.0,0.0,0.0,0.0,0,0,1,0,0.0,0.0,0.0,1
2,7856.39,122.0,0.0,0.0,0.0,0,0,1,0,-122.0,0.0,64.3966393442623,1
2,1125.82,180.0,0.0,0.0,0.0,0,0,1,0,-180.0,0.0,6.254555555555555,1
2,208.35,49776.0,49567.65,0.0,0.0,0,0,1,0,-208.34999999999854,0.0,0.004185752169720347,1
2,3719.89,31284.0,27564.11,0.0,0.0,0,0,1,0,-3719.8899999999994,0.0,0.11890710906533691,1
2,10967.31,280248.0,269280.69,0.0,0.0,0,0,1,0,-10967.309999999998,0.0,0.039134302474950755,1
2,923.14,35512.0,34588.86,200546.0,19293.26,0,1,0,0,-923.1399999999994,-181252.74,0.02599515656679432,1
2,5975.88,1168.0,0.0,0.0,0.0,0,0,1,0,-1168.0,0.0,5.116335616438357,1
2,3703.76,313.0,0.0,0.0,0.0,0,0,1,0,-313.0,0.0,11.833099041533547,1
2,4356.91,69486.0,65129.09,0.0,0.0,0,0,1,0,-4356.9100000000035,0.0,0.06270198313329303,1
2,2396.83,20393.0,17996.17,0.0,0.0,0,0,1,0,-2396.8300000000017,0.0,0.11753199627323101,1
2,205054.97,17996.17,0.0,3419944.48,2560556.45,1,0,0,0,-17996.17,-859388.0299999998,11.39436724591955,1
2,647.06,40822.0,40174.94,0.0,0.0,0,0,1,0,-647.0599999999977,0.0,0.015850766743422662,1
2,5514.73,80518.0,75003.27,0.0,0.0,0,0,1,0,-5514.729999999996,0.0,0.06849064805385131,1
2,7734.86,75003.27,67268.41,0.0,0.0,0,0,1,0,-7734.860000000001,0.0,0.10312697033076024,1
2,2676.46,67268.41,64591.95,0.0,0.0,0,0,1,0,-2676.4600000000064,0.0,0.03978776962321541,1
2,1602.18,64591.95,62989.77,0.0,0.0,0,0,1,0,-1602.1800000000003,0.0,0.024804638968168636,1
2,23938.64,62989.77,39051.13,0.0,0.0,0,0,1,0,-23938.64,0.0,0.38004012397568687,1
2,9418.88,39051.13,29632.24,0.0,0.0,0,0,1,0,-9418.889999999996,0.0,0.2411935326839454,1
2,11265.41,29632.24,18366.83,0.0,0.0,0,0,1,0,-11265.41,0.0,0.3801740941623043,1
2,1044.89,18366.83,17321.94,0.0,0.0,0,0,1,0,-1044.890000000003,0.0,0.05689005669459564,1
2,4944.69,17321.94,12377.25,0.0,0.0,0,0,1,0,-4944.689999999999,0.0,0.28545821080086875,1
2,2185.46,12377.25,10191.79,0.0,0.0,0,0,1,0,-2185.459999999999,0.0,0.17657072451473468,1
2,9222.29,10191.79,969.51,0.0,0.0,0,0,1,0,-9222.28,0.0,0.9048744136211598,1
2,46256.91,969.51,0.0,0.0,0.0,0,0,1,0,-969.51,0.0,47.71163783767058,1
2,3220.95,0.0,0.0,0.0,0.0,0,0,1,0,0.0,0.0,0.0,1
2,15730.19,0.0,0.0,0.0,0.0,0,0,1,0,0.0,0.0,0.0,1
2,9877.72,0.0,0.0,0.0,0.0,0,0,1,0,0.0,0.0,0.0,1
2,979.03,0.0,0.0,0.0,0.0,0,0,1,0,0.0,0.0,0.0,1
2,4497.18,0.0,0.0,0.0,0.0,0,0,1,0,0.0,0.0,0.0,1
2,7891.04,0.0,0.0,0.0,0.0,0,0,1,0,0.0,0.0,0.0,1
2,2707.95,0.0,0.0,0.0,0.0,0,0,1,0,0.0,0.0,0.0,1
2,11762.79,0.0,0.0,0.0,0.0,0,0,1,0,0.0,0.0,0.0,1
2,11163.43,0.0,0.0,0.0,0.0,0,0,1,0,0.0,0.0,0.0,1
2,4538.3,0.0,0.0,0.0,0.0,0,0,1,0,0.0,0.0,0.0,1
2,1130.94,0.0,0.0,0.0,0.0,0,0,1,0,0.0,0.0,0.0,1
2,4235.51,700054.99,695819.48,0.0,0.0,0,0,1,0,-4235.510000000009,0.0,0.006050253280817269,1
2,5374.49,695819.48,690444.99,0.0,0.0,0,0,1,0,-5374.489999999991,0.0,0.007723971740486483,1
2,3186.6,690444.99,687258.39,0.0,0.0,0,0,1,0,-3186.5999999999767,0.0,0.004615284412448267,1
2,2390.56,687258.39,684867.83,0.0,0.0,0,0,1,0,-2390.560000000056,0.0,0.003478400605629565,1
2,20144.74,684867.83,664723.1,0.0,0.0,0,0,1,0,-20144.72999999998,0.0,0.02941405497174543,1
2,16165.8,664723.1,648557.3,0.0,0.0,0,0,1,0,-16165.79999999993,0.0,0.024319600146286476,1
2,9191.09,648557.3,639366.21,0.0,0.0,0,0,1,0,-9191.090000000084,0.0,0.014171592856945716,1
2,1338.19,639366.21,638028.02,0.0,0.0,0,0,1,0,-1338.1899999999441,0.0,0.002092994560973124,1
2,5203.95,638028.02,632824.07,0.0,0.0,0,0,1,0,-5203.95000000007,0.0,0.008156303229441239,1
2,1360.43,226486.0,225125.57,0.0,0.0,0,0,1,0,-1360.429999999993,0.0,0.006006684739895623,1
2,3042.92,46785.0,43742.08,0.0,0.0,0,0,1,0,-3042.9199999999983,0.0,0.06504050443518222,1
2,7890.99,30986.0,23095.01,0.0,0.0,0,0,1,0,-7890.990000000002,0.0,0.25466307364616275,1
2,150142.45,20896.0,0.0,42858.0,549946.93,0,0,0,1,-20896.0,507088.93000000005,7.185224444869832,1
2,4957.02,27101.0,22143.98,0.0,0.0,0,0,1,0,-4957.02,0.0,0.18290911774473267,1
2,20603.53,22143.98,1540.44,0.0,0.0,0,0,1,0,-20603.54,0.0,0.930434817950522,1
2,7402.3,101237.0,93834.7,0.0,0.0,0,0,1,0,-7402.300000000003,0.0,0.07311852385985361,1
2,1216.72,11256.0,10039.28,0.0,0.0,0,0,1,0,-1216.7199999999993,0.0,0.10809523809523809,1
2,13939.21,24719.0,10779.79,20765.02,13707.11,1,0,0,0,-13939.21,-7057.91,0.5639067114365468,1
2,156474.87,168005.0,11530.13,3624999.45,2560556.45,0,0,0,1,-156474.87,-1064443.0,0.9313703163596321,1
2,5871.06,10492.0,4620.94,23508.22,29379.28,0,1,0,0,-5871.06,5871.059999999998,0.5595749142203584,1
2,2351.74,1204.19,0.0,18910.85,21262.59,0,1,0,0,-1204.19,2351.7400000000016,1.95296423321901,1
2,4681.64,0.0,0.0,0.0,0.0,0,0,1,0,0.0,0.0,0.0,1
2,10819.72,5097.0,0.0,0.0,0.0,0,0,1,0,-5097.0,0.0,2.122762409260349,1
2,1046.5,216.0,0.0,352750.76,280487.56,0,1,0,0,-216.0,-72263.20000000001,4.844907407407407,1
2,5904.7,21692.0,15787.3,0.0,0.0,0,0,1,0,-5904.700000000001,0.0,0.27220634335238797,1
2,7118.18,23192.0,16073.82,0.0,0.0,0,0,1,0,-7118.18,0.0,0.30692393928941014,1
2,6022.26,16073.82,10051.56,0.0,0.0,0,0,1,0,-6022.26,0.0,0.3746626501976506,1
2,5360.4,586.0,0.0,42198.0,36078.93,0,1,0,0,-586.0,-6119.07,9.147440273037542,1
2,11667.76,459092.0,447424.24,0.0,0.0,0,0,1,0,-11667.76000000001,0.0,0.02541486238052504,1
2,2316.7,48238.0,45921.3,0.0,0.0,0,0,1,0,-2316.699999999997,0.0,0.0480264521746341,1
2,7049.83,69986.0,62936.17,0.0,0.0,0,0,1,0,-7049.830000000002,0.0,0.10073200354356586,1
2,2110.53,855.0,0.0,0.0,0.0,0,0,1,0,-855.0,0.0,2.4684561403508773,1
2,5758.46,5407.0,0.0,0.0,0.0,0,0,1,0,-5407.0,0.0,1.0650009247272054,1
2,89518.58,0.0,0.0,273208.5,62111.53,1,0,0,0,0.0,-211096.97,0.0,1
2,28369.42,0.0,0.0,31836.0,60205.42,1,0,0,0,0.0,28369.42,0.0,1
2,2900.55,498882.0,495981.45,0.0,0.0,0,0,1,0,-2900.5499999999884,0.0,0.005814100328334156,1
2,4390.62,69336.0,64945.38,4820.0,0.0,0,1,0,0,-4390.620000000003,-4820.0,0.06332381446867429,1
2,12343.16,25198.0,12854.84,0.0,0.0,0,0,1,0,-12343.16,0.0,0.489846813239146,1
2,873.3,123.0,0.0,0.0,0.0,0,0,1,0,-123.0,0.0,7.1,1
2,545.55,4087.0,3541.45,0.0,0.0,0,0,1,0,-545.5500000000002,0.0,0.1334842182529973,1
2,11987.41,31295.0,19307.59,0.0,0.0,0,0,1,0,-11987.41,0.0,0.38304553443042016,1
2,2692.22,24521.0,21828.78,0.0,0.0,0,0,1,0,-2692.220000000001,0.0,0.10979242282125524,1
2,7594.57,508.0,0.0,16730.22,24324.79,0,1,0,0,-508.0,7594.57,14.94994094488189,1
2,8048.16,40002.33,31954.17,0.0,0.0,0,0,1,0,-8048.1600000000035,0.0,0.20119228054965796,1
2,169734.47,31954.17,0.0,7300729.62,7760414.85,1,0,0,0,-31954.17,459685.2299999995,5.311809694947483,1
2,113758.88,0.0,0.0,201469.14,19293.26,1,0,0,0,0.0,-182175.88,0.0,1
2,5301.22,30441.0,25139.78,187096.37,93380.65,0,1,0,0,-5301.220000000001,-93715.72,0.17414736703787656,1
2,1377.34,16930.0,15552.66,55469.68,56847.02,0,1,0,0,-1377.3400000000001,1377.3399999999965,0.08135499113998818,1
2,9583.89,1590.0,0.0,0.0,0.0,0,0,1,0,-1590.0,0.0,6.0276037735849055,1
2,18864.22,0.0,0.0,0.0,0.0,0,0,1,0,0.0,0.0,0.0,1
2,50333.01,49566.0,0.0,0.0,27708.6,0,0,0,1,-49566.0,27708.6,1.0154745188233871,1
2,4592.82,383449.0,378856.18,0.0,0.0,0,0,1,0,-4592.820000000007,0.0,0.011977655437880918,1
2,2362.45,119.0,0.0,0.0,0.0,0,0,1,0,-119.0,0.0,19.85252100840336,1
2,6808.86,9210.62,2401.76,0.0,0.0,0,0,1,0,-6808.860000000001,0.0,0.7392401380145961,1
2,119451.25,2401.76,0.0,193000.45,549946.93,0,0,0,1,-2401.76,356946.48000000004,49.734881919925385,1
2,60949.25,0.0,0.0,632824.07,617488.4,0,0,0,1,0.0,-15335.669999999925,0.0,1
2,227236.78,0.0,0.0,312451.7,549946.93,0,0,0,1,0.0,237495.23000000004,0.0,1
2,351219.8,0.0,0.0,517739.35,68880.79,0,0,0,1,0.0,-448858.56,0.0,1
2,64185.86,0.0,0.0,75663.55,8629.02,0,0,0,1,0.0,-67034.53,0.0,1
2,1231953.95,0.0,0.0,4775712.62,6235766.54,0,0,0,1,0.0,1460053.92,0.0,1
2,2474181.78,0.0,0.0,3799219.95,7173523.49,0,0,0,1,0.0,3374303.54,0.0,1
2,367966.09,0.0,0.0,6007666.57,6235766.54,0,0,0,1,0.0,228099.96999999974,0.0,1
2,602938.9,0.0,0.0,7091301.63,7473141.22,0,0,0,1,0.0,381839.58999999985,0.0,1
2,1232150.93,0.0,0.0,1811160.5,3208966.39,0,0,0,1,0.0,1397805.8900000001,0.0,1
2,521278.47,0.0,0.0,6273401.72,7173523.49,0,0,0,1,0.0,900121.7700000005,0.0,1
2,844849.66,0.0,0.0,916428.49,270110.78,0,0,0,1,0.0,-646317.71,0.0,1
2,378843.29,0.0,0.0,6794680.19,7173523.49,0,0,0,1,0.0,378843.2999999998,0.0,1
2,285251.82,0.0,0.0,1319120.27,1116289.38,0,0,0,1,0.0,-202830.89000000013,0.0,1
2,232336.31,0.0,0.0,1575612.32,2051802.27,0,0,0,1,0.0,476189.94999999995,0.0,1
2,896122.8,0.0,0.0,1765059.65,1748436.14,0,0,0,1,0.0,-16623.51000000001,0.0,1
2,414959.03,0.0,0.0,6375632.67,6235766.54,0,0,0,1,0.0,-139866.1299999999,0.0,1
2,317831.06,0.0,0.0,3964356.31,2943614.6,0,0,0,1,0.0,-1020741.71,0.0,1
2,548202.26,0.0,0.0,3726770.23,3809570.13,0,0,0,1,0.0,82799.8999999999,0.0,1
2,180173.39,0.0,0.0,280908.87,182906.2,0,0,0,1,0.0,-98002.66999999998,0.0,1
2,243853.63,0.0,0.0,1807948.63,2051802.27,0,0,0,1,0.0,243853.64000000013,0.0,1
2,1339661.93,0.0,0.0,3043311.43,3208966.39,0,0,0,1,0.0,165654.95999999996,0.0,1
2,744654.21,0.0,0.0,6942242.08,6818933.6,0,0,0,1,0.0,-123308.48000000045,0.0,1
2,10039.29,1595.0,0.0,0.0,0.0,0,0,1,0,-1595.0,0.0,6.294225705329154,1
2,537.8,110016.0,109478.2,0.0,0.0,0,0,1,0,-537.8000000000029,0.0,0.004888379872018615,1
2,3925.8,22062.0,18136.2,539688.48,549946.93,0,1,0,0,-3925.7999999999993,10258.45000000007,0.1779439760674463,1
2,158934.62,18136.2,0.0,168294.74,327229.36,1,0,0,0,-18136.2,158934.62,8.763391449145907,1
2,482.58,439.0,0.0,4894.45,5377.03,0,1,0,0,-439.0,482.5799999999999,1.0992710706150342,1
2,107159.07,6476.0,0.0,0.0,107159.07,0,0,0,1,-6476.0,107159.07,16.547107782581843,1
2,5536.65,20258.0,14721.35,0.0,0.0,0,0,1,0,-5536.65,0.0,0.2733068417415342,1
2,4640.64,1023.0,0.0,0.0,0.0,0,0,1,0,-1023.0,0.0,4.536304985337244,1
2,205.26,21335.0,21129.74,0.0,0.0,0,0,1,0,-205.2599999999984,0.0,0.009620810874150457,1
2,10375.5,73405.0,63029.5,0.0,0.0,0,0,1,0,-10375.5,0.0,0.14134595735985286,1
2,1760.56,20132.0,18371.44,0.0,0.0,0,0,1,0,-1760.5600000000013,0.0,0.08745082455791774,1
2,7656.3,20116.0,12459.7,0.0,0.0,0,0,1,0,-7656.299999999999,0.0,0.38060747663551403,1
2,74226.4,11558.0,0.0,0.0,74226.4,1,0,0,0,-11558.0,74226.4,6.4220799446270975,1
2,2181.96,30483.0,28301.04,0.0,0.0,0,0,1,0,-2181.959999999999,0.0,0.07157956894006495,1
2,1739.48,147362.0,145622.52,332090.96,7074754.63,0,1,0,0,-1739.4800000000105,6742663.67,0.011804128608460798,1
2,2731.05,175409.0,172677.95,69810.0,72541.05,0,1,0,0,-2731.0499999999884,2731.050000000003,0.015569611593475821,1
2,391.84,20661.0,20269.16,543614.29,549946.93,0,1,0,0,-391.84000000000015,6332.640000000014,0.01896520013552103,1
2,621.68,5956.0,5334.32,10659.79,11281.46,0,1,0,0,-621.6800000000003,621.6699999999983,0.10437877770315647,1
2,6531.31,11321.0,4789.69,0.0,0.0,0,0,1,0,-6531.31,0.0,0.5769198834025263,1
2,2101.83,416268.0,414166.17,0.0,0.0,0,0,1,0,-2101.8300000000163,0.0,0.005049223096658883,1
2,92.37,14462.0,14369.63,0.0,0.0,0,0,1,0,-92.3700000000008,0.0,0.006387083390955608,1
2,9627.9,24536.0,14908.1,0.0,0.0,0,0,1,0,-9627.9,0.0,0.3923989240299967,1
2,13330.81,32586.0,19255.19,0.0,0.0,0,0,1,0,-13330.810000000001,0.0,0.4090962376480697,1
2,9677.36,355127.0,345449.64,0.0,0.0,0,0,1,0,-9677.359999999986,0.0,0.027250420272184318,1
2,9047.91,880.0,9927.91,0.0,0.0,0,0,0,0,9047.91,0.0,10.28171590909091,1
2,12368.9,9927.91,0.0,0.0,0.0,0,0,1,0,-9927.91,0.0,1.245871487553775,1
2,10554.67,52743.0,42188.33,0.0,0.0,0,0,1,0,-10554.669999999998,0.0,0.2001150863621713,1
2,2929.78,26009.0,23079.22,0.0,0.0,0,0,1,0,-2929.779999999999,0.0,0.11264485370448692,1
2,3106.9,100.0,0.0,461082.25,182906.2,0,1,0,0,-100.0,-278176.05,31.069000000000003,1
2,30709.74,0.0,0.0,0.0,0.0,0,0,1,0,0.0,0.0,0.0,1
2,12230.25,113718.0,101487.75,0.0,0.0,0,0,1,0,-12230.25,0.0,0.10754893684377144,1
2,161238.92,101487.75,262726.67,1.668492993E7,1.594559447E7,0,0,0,0,161238.91999999998,-739335.459999999,1.5887525341728437,1
2,27505.56,262726.67,290232.23,107562.34,0.0,0,0,0,0,27505.559999999998,-107562.34,0.10469268308390618,1
2,392853.36,290232.23,683085.59,483173.63,90320.27,0,0,0,0,392853.36,-392853.36,1.353582818834421,1
2,201398.6,683085.59,884484.19,616919.0,7616.73,0,0,0,0,201398.59999999998,-609302.27,0.29483655188802915,1
2,155944.68,884484.19,1040428.87,2798692.37,1982491.06,0,0,0,0,155944.68000000005,-816201.31,0.17631143864764842,1
2,152980.34,1040428.87,1193409.21,415520.4,7616.73,0,0,0,0,152980.33999999997,-407903.67000000004,0.1470358468618811,1
2,258194.98,1193409.21,1451604.19,626274.96,167163.39,0,0,0,0,258194.97999999998,-459111.56999999995,0.21635075197718645,1
2,102737.96,1451604.19,1554342.15,165598.0,70407.1,0,0,0,0,102737.95999999996,-95190.9,0.07077546393690143,1
2,451450.27,1554342.15,2005792.43,5060183.55,4450740.26,0,0,0,0,451450.28,-609443.29,0.2904445909801777,1
2,54843.76,2005792.43,2060636.18,9367714.52,9126860.4,0,0,0,0,54843.75,-240854.11999999918,0.027342689691973763,1
2,382001.01,2060636.18,2442637.2,416304.0,0.0,0,0,0,0,382001.02000000025,-416304.0,0.1853801334304438,1
2,119675.03,2442637.2,2562312.23,1923836.34,1378570.36,0,0,0,0,119675.0299999998,-545265.98,0.04899418955872775,1
2,283675.61,2562312.23,2845987.84,1.069548059E7,9989133.64,0,0,0,0,283675.60999999987,-706346.9499999993,0.11071078952778522,1
2,222925.42,2845987.84,3068913.26,448593.63,99603.15,0,0,0,0,222925.41999999993,-348990.48,0.07832971626470478,1
2,70325.16,3068913.26,3139238.42,110481.0,40155.84,0,0,0,0,70325.16000000015,-70325.16,0.022915329969280397,1
2,378605.9,3139238.42,3517844.32,868959.15,68880.79,0,0,0,0,378605.8999999999,-800078.36,0.12060437894360379,1
2,186350.94,3517844.32,3704195.26,2107162.1,1572841.87,0,0,0,0,186350.93999999994,-534320.23,0.052973049131406706,1
2,81518.63,3704195.26,3785713.89,104255.56,22736.93,0,0,0,0,81518.63000000035,-81518.63,0.022007109312050684,1
2,73309.71,3785713.89,3859023.6,353797.26,280487.56,0,0,0,0,73309.70999999996,-73309.70000000001,0.019364831080776683,1
2,142596.78,3859023.6,4001620.38,1604372.08,1116289.38,0,0,0,0,142596.7799999998,-488082.7000000002,0.03695151799538101,1
2,57817.21,4001620.38,4059437.59,241346.84,6433.54,0,0,0,0,57817.20999999996,-234913.3,0.014448449505347632,1
2,295815.29,4059437.59,4355252.87,303104.48,7289.2,0,0,0,0,295815.28000000026,-295815.27999999997,0.07287100329580384,1
2,696235.62,4355252.87,5051488.49,4382973.37,3208966.39,0,0,0,0,696235.6200000001,-1174006.98,0.15986112420609,1
2,10391.99,5051488.49,5061880.48,51574.35,41182.36,0,0,0,0,10391.990000000224,-10391.989999999998,0.002057213437301131,1
2,51613.5,5061880.48,5113493.98,2661182.46,1748436.14,0,0,0,0,51613.5,-912746.3200000001,0.010196507049885934,1
2,19748.91,5113493.98,5133242.89,84916.82,65167.91,0,0,0,0,19748.909999999218,-19748.910000000003,0.0038621166030980638,1
2,22391.5,5133242.89,5155634.39,37068.76,14677.26,0,0,0,0,22391.5,-22391.5,0.0043620573738329385,1
2,15427.16,5155634.39,5171061.55,24044.18,8617.02,0,0,0,0,15427.160000000149,-15427.16,0.002992291313348928,1
2,130148.62,5171061.55,5301210.16,4274972.49,3809570.13,0,0,0,0,130148.61000000034,-465402.36000000034,0.025168646464863678,1
2,224321.58,5301210.16,5525531.75,1528227.01,930271.58,0,0,0,0,224321.58999999985,-597955.43,0.04231516450575881,1
2,356617.79,5525531.75,5882149.54,1097218.45,482981.46,0,0,0,0,356617.79000000004,-614236.99,0.06453999472539453,1
2,167104.98,5882149.54,6049254.52,2609568.96,1748436.14,0,0,0,0,167104.97999999952,-861132.8200000001,0.028408828926168375,1
2,178961.93,6049254.52,6228216.45,1461775.3,1116289.38,0,0,0,0,178961.93000000063,-345485.92000000016,0.029584129649086084,1
2,156690.67,6228216.45,6384907.12,1155321.27,1099502.6,0,0,0,0,156690.66999999993,-55818.669999999925,0.02515819275998348,1
2,215815.13,6384907.12,6600722.25,4733576.66,4517761.53,0,0,0,0,215815.1299999999,-215815.1299999999,0.033800825281229775,1
2,295618.46,6600722.25,6896340.72,333830.44,7074754.63,0,0,0,0,295618.46999999974,6740924.1899999995,0.04478577476881413,1
2,332188.93,6896340.72,7228529.64,1282813.37,1116289.38,0,0,0,0,332188.9199999999,-166523.99000000022,0.0481688686054363,1
2,101576.37,7228529.64,7330106.02,354823.0,215080.02,0,0,0,0,101576.37999999989,-139742.98,0.014052148231905153,1
2,133213.71,7330106.02,7463319.72,393957.76,84261.95,0,0,0,0,133213.7000000002,-309695.81,0.018173503853359,1
2,168729.73,7463319.72,7632049.45,241877.32,73147.6,0,0,0,0,168729.73000000045,-168729.72,0.022607865712605438,1
2,10321.88,7632049.45,7642371.33,11617.0,0.0,0,0,0,0,10321.879999999888,-11617.0,0.0013524388262447643,1
2,287474.24,7642371.33,7929845.57,1010782.35,486798.02,0,0,0,0,287474.2400000002,-523984.32999999996,0.037615842987310064,1
2,84299.07,7929845.57,8014144.64,3781474.32,2560556.45,0,0,0,0,84299.06999999937,-1220917.8699999996,0.010630606769811281,1
2,111692.26,8014144.64,8125836.9,122624.0,0.0,0,0,0,0,111692.26000000071,-122624.0,0.013936890961828211,1
2,73061.34,8125836.9,8198898.24,145368.0,72306.66,0,0,0,0,73061.33999999985,-73061.34,0.008991238797815397,1
2,221099.31,8198898.24,8419997.55,7694240.53,7473141.22,0,0,0,0,221099.31000000052,-221099.31000000052,0.026966953794025864,1
2,208690.04,8419997.55,8628687.59,303303.0,155166.96,0,0,0,0,208690.0399999991,-148136.04,0.024785047591848762,1
2,130711.51,8628687.59,8759399.1,2730020.33,2485918.01,0,0,0,0,130711.50999999978,-244102.3200000003,0.015148480998603404,1
2,98893.95,8759399.1,8858293.05,1.164312127E7,1.115733625E7,0,0,0,0,98893.95000000112,-485785.01999999955,0.011290038148849732,1
2,73242.08,8858293.05,8931535.13,8813776.61,7928126.25,0,0,0,0,73242.08000000007,-885650.3599999994,0.008268193385180455,1
2,105879.16,8931535.13,9037414.29,7906932.46,7103899.5,0,0,0,0,105879.15999999829,-803032.96,0.01185453099147134,1
2,42829.9,9037414.29,9080244.19,1.013591123E7,9670814.67,0,0,0,0,42829.90000000037,-465096.5600000005,0.004739176342440312,1
2,257619.2,9080244.19,9337863.38,740600.66,482981.46,0,0,0,0,257619.19000000134,-257619.2,0.028371395593492298,1
2,119973.24,9337863.38,9457836.62,4144823.87,3809570.13,0,0,0,0,119973.23999999836,-335253.7400000002,0.012848039762175231,1
2,177096.09,9457836.62,9634932.72,183529.63,6433.54,0,0,0,0,177096.1000000015,-177096.09,0.018724799033375563,1
2,48513.85,9634932.72,9683446.56,464189.15,182906.2,0,0,0,0,48513.83999999985,-281282.95,0.0050352038161403994,1
2,66892.29,9683446.56,9750338.86,362727.08,62111.53,0,0,0,0,66892.29999999888,-300615.55000000005,0.00690790098189998,1
2,12615.19,9750338.86,9762954.05,83866.86,74584.25,0,0,0,0,12615.190000001341,-9282.61,0.0012938206744539749,1
2,43249.45,9762954.05,9806203.5,48020.03,4770.58,0,0,0,0,43249.449999999255,-43249.45,0.004429955296163664,1
2,438969.05,9806203.5,1.024517255E7,1187114.17,331525.89,0,0,0,0,438969.05000000075,-855588.2799999999,0.04476442386699399,1
2,10443.68,1.024517255E7,1.025561623E7,68235.87,57792.19,0,0,0,0,10443.679999999702,-10443.679999999993,0.0010193757058781796,1
2,61344.23,1.025561623E7,1.031696046E7,4410975.57,3512606.05,0,0,0,0,61344.23000000045,-898369.5200000005,0.005981525500199026,1
2,208929.58,1.031696046E7,1.052589004E7,4282187.37,2943614.6,0,0,0,0,208929.5799999982,-1338572.77,0.020251078872507374,1
2,16624.23,1.052589004E7,1.054251427E7,17411.72,787.49,0,0,0,0,16624.230000000447,-16624.23,0.0015793657293421623,1
2,333871.74,1.054251427E7,1.087638601E7,1761278.15,270110.78,0,0,0,0,333871.7400000002,-1491167.3699999999,0.0316690811555335,1
2,250326.22,1.087638601E7,1.112671223E7,4073257.79,2943614.6,0,0,0,0,250326.22000000067,-1129643.19,0.02301556967266924,1
2,188118.26,1.112671223E7,1.112671223E7,1.112671223E7,1.245865093E7,0,0,0,0,0.0,1331938.6999999993,0.016906904403691945,1
2,126065.07,1.112671223E7,1.12527773E7,225668.22,99603.15,0,0,0,0,126065.0700000003,-126065.07,0.011329947912205509,1
2,121400.87,1.12527773E7,1.137417817E7,2442463.98,1748436.14,0,0,0,0,121400.86999999918,-694027.8400000001,0.010788525069273342,1
2,348792.33,1.137417817E7,1.172297049E7,1.191471026E7,1.156591793E7,0,0,0,0,348792.3200000003,-348792.3300000001,0.030665277507253962,1
2,502911.34,1.172297049E7,1.222588183E7,7801053.3,7103899.5,0,0,0,0,502911.33999999985,-697153.7999999998,0.04289965076931623,1
2,232769.1,1.222588183E7,1.245865093E7,415675.3,182906.2,0,0,0,0,232769.09999999963,-232769.09999999998,0.0190390438282193,1
2,799.18,55261.0,54461.82,0.0,0.0,0,0,1,0,-799.1800000000003,0.0,0.014461917084381389,1
2,5619.13,6685.0,1065.87,23539.55,29158.68,0,1,0,0,-5619.13,5619.130000000001,0.8405579655946148,1
2,165664.94,1065.87,0.0,950624.44,1116289.38,1,0,0,0,-1065.87,165664.93999999994,155.4269657650558,1
2,4696.36,2108.0,0.0,0.0,0.0,0,0,1,0,-2108.0,0.0,2.227874762808349,1
2,3738.26,32426.0,28687.74,0.0,0.0,0,0,1,0,-3738.2599999999984,0.0,0.11528588169987049,1
2,18627.02,18627.02,0.0,0.0,0.0,0,0,0,1,-18627.02,0.0,1.0,1
2,18627.02,18627.02,0.0,147251.58,165878.6,1,0,0,0,-18627.02,18627.02000000002,1.0,1
2,4122.31,20666.0,16543.69,6086706.95,5792135.89,0,1,0,0,-4122.310000000001,-294571.0600000005,0.19947304751766187,1
2,82399.46,10895.0,0.0,0.0,82399.46,1,0,0,0,-10895.0,82399.46,7.563052776502984,1
2,3779.27,125959.0,122179.73,0.0,0.0,0,0,1,0,-3779.270000000004,0.0,0.030003969545645805,1
2,4215.24,17183.0,12967.76,6790591.7,6235766.54,0,1,0,0,-4215.24,-554825.1600000001,0.24531455508351277,1
2,4296.12,12967.76,8671.64,0.0,0.0,0,0,1,0,-4296.120000000001,0.0,0.33129237431908054,1
2,9059.91,29303.0,20243.09,0.0,0.0,0,0,1,0,-9059.91,0.0,0.30918028870764086,1
2,4878.63,52904.0,48025.37,0.0,0.0,0,0,1,0,-4878.629999999997,0.0,0.09221665658551338,1
2,9264.89,45184.0,35919.11,0.0,0.0,0,0,1,0,-9264.89,0.0,0.20504802584985835,1
2,8499.58,10074.0,1574.42,449166.44,411058.34,0,1,0,0,-8499.58,-38108.09999999998,0.8437145126067104,1
2,3208.39,20130.0,16921.61,0.0,0.0,0,0,1,0,-3208.3899999999994,0.0,0.15938350720317931,1
2,1939.74,25183.78,23244.03,0.0,0.0,0,0,1,0,-1939.75,0.0,0.07702338568713672,1
2,12956.39,23244.03,10287.64,0.0,0.0,0,0,1,0,-12956.39,0.0,0.5574072138093094,1
2,4054.4,10287.64,6233.24,0.0,0.0,0,0,1,0,-4054.3999999999996,0.0,0.39410399275246805,1
2,2688.02,11953.0,9264.98,0.0,0.0,0,0,1,0,-2688.0200000000004,0.0,0.22488245628712458,1
2,183.35,72857.0,72673.65,0.0,0.0,0,0,1,0,-183.35000000000582,0.0,0.002516573561908945,1
2,2577.79,11610.0,9032.21,0.0,0.0,0,0,1,0,-2577.790000000001,0.0,0.2220318690783807,1
2,6142.72,51302.0,45159.28,0.0,0.0,0,0,1,0,-6142.720000000001,0.0,0.11973646251608125,1
2,15025.01,41674.0,26648.99,0.0,0.0,0,0,1,0,-15025.009999999998,0.0,0.36053678552574747,1
2,14037.48,213151.4,199113.92,0.0,0.0,0,0,1,0,-14037.479999999981,0.0,0.06585685104578248,1
2,3181.52,199113.92,195932.4,0.0,0.0,0,0,1,0,-3181.5200000000186,0.0,0.015978390661988875,1
2,6174.06,10397.0,4222.94,47923.33,54097.39,0,1,0,0,-6174.06,6174.059999999998,0.5938309127632971,1
2,688.58,51384.0,50695.42,0.0,0.0,0,0,1,0,-688.5800000000017,0.0,0.013400669469095438,1
2,6557.5,21395.0,14837.5,0.0,0.0,0,0,1,0,-6557.5,0.0,0.3064968450572564,1
2,5096.21,337.0,0.0,0.0,0.0,0,0,1,0,-337.0,0.0,15.122284866468842,1
2,6517.62,0.0,0.0,0.0,0.0,0,0,1,0,0.0,0.0,0.0,1
2,6601.34,100140.0,93538.66,0.0,0.0,0,0,1,0,-6601.3399999999965,0.0,0.06592111044537648,1
2,22251.46,93538.66,71287.2,114680.0,136931.46,1,0,0,0,-22251.460000000006,22251.459999999992,0.23788516961863682,1
2,2530.52,780370.9,777840.38,0.0,0.0,0,0,1,0,-2530.5200000000186,0.0,0.0032427144579583885,1
2,17925.91,777840.38,759914.47,0.0,0.0,0,0,1,0,-17925.910000000033,0.0,0.023045743652444477,1
2,956.17,759914.47,758958.3,0.0,0.0,0,0,1,0,-956.1699999999255,0.0,0.0012582600249736,1
2,7663.4,758958.3,751294.9,0.0,0.0,0,0,1,0,-7663.400000000023,0.0,0.010097260943058399,1
2,25704.52,751294.9,725590.38,0.0,0.0,0,0,1,0,-25704.52000000002,0.0,0.034213622373850804,1
2,3453.72,725590.38,722136.67,0.0,0.0,0,0,1,0,-3453.7099999999627,0.0,0.004759875675308705,1
2,562.14,722136.67,721574.53,0.0,0.0,0,0,1,0,-562.140000000014,0.0,7.784399039035089E-4,1
2,33459.4,721574.53,688115.13,0.0,0.0,0,0,1,0,-33459.40000000002,0.0,0.04636998481639866,1
2,735.15,688115.13,687379.98,0.0,0.0,0,0,1,0,-735.1500000000233,0.0,0.0010683531983957393,1
2,3503.31,12158.0,8654.69,0.0,0.0,0,0,1,0,-3503.3099999999995,0.0,0.28814854416844876,1
3,20971.0,19462.0,0.0,0.0,0.0,0,0,1,0,-19462.0,0.0,1.0775357106155585,1
3,27659.67,37057.0,9397.33,0.0,0.0,0,0,1,0,-27659.67,0.0,0.7464087756699138,1
3,2673.5,11608.0,8934.5,140222.23,2167.32,0,1,0,0,-2673.5,-138054.91,0.23031529979324603,1
3,501.11,8934.5,8433.39,0.0,0.0,0,0,1,0,-501.1100000000006,0.0,0.05608707818008842,1
3,11866.89,10565.0,0.0,0.0,0.0,0,0,1,0,-10565.0,0.0,1.123226691907241,1
3,2108.36,0.0,0.0,0.0,0.0,0,0,1,0,0.0,0.0,0.0,1
3,6967.64,16736.0,9768.36,0.0,0.0,0,0,1,0,-6967.639999999999,0.0,0.4163264818355641,1
3,4136.97,13759.0,9622.03,0.0,0.0,0,0,1,0,-4136.969999999999,0.0,0.3006737408241878,1
3,1094.13,142.0,0.0,0.0,0.0,0,0,1,0,-142.0,0.0,7.7051408450704235,1
3,36563.86,100035.0,136598.86,0.0,0.0,0,0,0,0,36563.859999999986,0.0,0.36551067126505726,1
3,24826.85,593.0,0.0,0.0,0.0,0,0,1,0,-593.0,0.0,41.86652613827993,1
3,23669.02,0.0,23669.02,49059.87,25390.85,0,0,0,0,23669.02,-23669.020000000004,0.0,1
3,143254.72,23669.02,166923.73,360326.58,84207.15,0,0,0,0,143254.71000000002,-276119.43000000005,6.052414506388519,1
3,439543.98,166923.73,606467.71,4349631.34,3512606.05,0,0,0,0,439543.98,-837025.29,2.6332024811571126,1
3,140728.41,606467.71,747196.12,142895.73,2167.32,0,0,0,0,140728.41000000003,-140728.41,0.23204600620864055,1
3,159116.29,747196.12,906312.41,4024850.63,3809570.13,0,0,0,0,159116.29000000004,-215280.5,0.21295117271219235,1
3,140313.48,906312.41,1046625.89,457666.01,411058.34,0,0,0,0,140313.47999999998,-46607.669999999984,0.15481800585738423,1
3,98313.86,1046625.89,1144939.75,139849.41,8629.02,0,0,0,0,98313.85999999999,-131220.39,0.09393409903131672,1
3,302642.08,1144939.75,1447581.84,6794806.94,6235766.54,0,0,0,0,302642.0900000001,-559040.4000000004,0.26433013614908557,1
3,194242.46,1447581.84,1641824.3,7298141.96,7103899.5,0,0,0,0,194242.45999999996,-194242.45999999996,0.13418409559489913,1
3,236510.08,1641824.3,1878334.38,723308.11,486798.02,0,0,0,0,236510.07999999984,-236510.08999999997,0.14405322177287788,1
3,76284.92,1878334.38,1954619.3,693773.32,617488.4,0,0,0,0,76284.92000000016,-76284.91999999993,0.040613066987572256,1
3,34936.53,1954619.3,1989555.83,217318.86,31249.82,0,0,0,0,34936.53000000003,-186069.03999999998,0.017873828422752196,1
3,148620.65,1989555.83,1989555.83,1989555.83,6540346.28,0,0,0,0,0.0,4550790.45,0.0747004169267268,1
3,46013.11,1989555.83,2035568.94,354758.53,308745.42,0,0,0,0,46013.10999999987,-46013.110000000044,0.023127327871970298,1
3,155624.0,2035568.94,2191192.95,7470464.09,7760414.85,0,0,0,0,155624.01000000024,289950.7599999998,0.07645233572880121,1
3,151132.51,2191192.95,2342325.45,182382.33,31249.82,0,0,0,0,151132.5,-151132.50999999998,0.068972707309961,1
3,22624.41,2342325.45,2364949.86,50333.01,27708.6,0,0,0,0,22624.409999999683,-22624.410000000003,0.009658952388533369,1
3,168846.2,2364949.86,2533796.06,1.154422732E7,1.115733625E7,0,0,0,0,168846.2000000002,-386891.0700000003,0.07139525571167923,1
3,1332.59,2533796.06,2535128.65,8693.0,7360.41,0,0,0,0,1332.589999999851,-1332.5900000000001,5.259263052133722E-4,1
3,263407.81,2535128.65,2798536.46,1804161.31,1378570.36,0,0,0,0,263407.81000000006,-425590.94999999995,0.10390313327885747,1
3,196198.94,2798536.46,2994735.4,2321063.11,1748436.14,0,0,0,0,196198.93999999994,-572626.97,0.07010769479129816,1
3,437567.49,2994735.4,3432302.88,3697175.25,2560556.45,0,0,0,0,437567.48,-1136618.7999999998,0.14611223749517235,1
3,20997.64,3432302.88,3453300.52,7686896.3,6818933.6,0,0,0,0,20997.64000000013,-867962.7000000002,0.006117653579569878,1
3,56164.21,3453300.52,3509464.73,3865734.34,3809570.13,0,0,0,0,56164.20999999996,-56164.20999999996,0.016263921913173083,1
3,38923.13,3509464.73,3548387.86,295834.79,62111.53,0,0,0,0,38923.12999999989,-233723.25999999998,0.011090902172993201,1
3,101640.69,3548387.86,3650028.55,192397.59,93380.65,0,0,0,0,101640.68999999994,-99016.94,0.028644188293440957,1
3,7314.79,3650028.55,3657343.34,23174.68,17666.19,0,0,0,0,7314.790000000037,-5508.490000000002,0.0020040363793866764,1
3,95659.6,3657343.34,3753002.94,6090829.26,5792135.89,0,0,0,0,95659.6000000001,-298693.3700000001,0.02615548804340585,1
3,108216.36,3753002.94,3861219.3,3910087.36,3512606.05,0,0,0,0,108216.35999999987,-397481.31000000006,0.028834605709101842,1
3,289025.75,3861219.3,4150245.06,1.009308133E7,9670814.67,0,0,0,0,289025.76000000024,-422266.66000000015,0.07485349252242679,1
3,289264.94,4150245.06,4439510.0,3801870.99,3512606.05,0,0,0,0,289264.93999999994,-289264.9400000004,0.06969827945533413,1
3,129977.85,4439510.0,4569487.85,2642747.68,1982491.06,0,0,0,0,129977.84999999963,-660256.6200000001,0.029277521618376805,1
3,285360.2,4569487.85,4854848.05,9312870.77,9126860.4,0,0,0,0,285360.2000000002,-186010.36999999918,0.06244905542313676,1
3,351903.76,4854848.05,5206751.81,2512769.83,1982491.06,0,0,0,0,351903.7599999998,-530278.77,0.0724850204117099,1
3,132864.71,5206751.81,5339616.51,217071.86,84207.15,0,0,0,0,132864.7000000002,-132864.71,0.0255177728550115,1
3,94578.73,5339616.51,5434195.24,104397.0,10937.76,0,0,0,0,94578.73000000045,-93459.24,0.01771264468578849,1
3,223593.6,5434195.24,5657788.84,1275247.87,1066634.1,0,0,0,0,223593.59999999963,-208613.77000000002,0.04114566925276685,1
3,228724.76,5657788.84,5886513.6,3686737.74,3208966.39,0,0,0,0,228724.75999999978,-477771.3500000001,0.04042652818410947,1
3,176732.94,5886513.6,6063246.54,490353.25,68880.79,0,0,0,0,176732.9400000004,-421472.46,0.030023363914422965,1
3,93078.04,6063246.54,6156324.58,368079.98,167163.39,0,0,0,0,93078.04000000004,-200916.58999999997,0.01535118840805045,1
3,194800.13,6156324.58,6351124.72,256911.66,62111.53,0,0,0,0,194800.13999999966,-194800.13,0.03164227737972841,1
3,227590.61,6351124.72,6578715.32,3259607.77,2560556.45,0,0,0,0,227590.60000000056,-699051.3199999998,0.03583469385875956,1
3,56556.28,6578715.32,6635271.6,71287.2,14730.93,0,0,0,0,56556.27999999933,-56556.27,0.008596857782865728,1
3,11055.14,6635271.6,6646326.74,16141.42,5086.28,0,0,0,0,11055.140000000596,-11055.14,0.0016661171789863131,1
3,13012.92,30803.0,17790.08,0.0,0.0,0,0,1,0,-13012.919999999998,0.0,0.4224562542609486,1
3,13326.35,507.0,0.0,90450.54,103776.89,1,0,0,0,-507.0,13326.350000000006,26.284714003944774,1
3,2791.64,125848.0,123056.36,0.0,0.0,0,0,1,0,-2791.6399999999994,0.0,0.022182633017608543,1
3,380.76,155131.0,154750.24,0.0,0.0,0,0,1,0,-380.7600000000093,0.0,0.0024544417298928,1
3,12885.43,5069.0,0.0,0.0,0.0,0,0,1,0,-5069.0,0.0,2.5420063128822252,1
3,149995.94,31729.0,0.0,197.0,150192.94,0,0,0,1,-31729.0,149995.94,4.7274083645876015,1
3,2789.37,96.0,0.0,0.0,0.0,0,0,1,0,-96.0,0.0,29.0559375,1
3,3332.58,14905.0,11572.42,71251.67,74584.25,0,1,0,0,-3332.58,3332.5800000000017,0.2235880576987588,1
3,4364.24,67233.0,62868.76,71903.08,76267.32,0,1,0,0,-4364.239999999998,4364.240000000005,0.0649121711064507,1
3,22475.23,10555.0,0.0,0.0,0.0,0,0,1,0,-10555.0,0.0,2.12934438654666,1
3,25389.14,11352.0,0.0,0.0,0.0,0,0,1,0,-11352.0,0.0,2.2365345313601126,1
3,2455.51,193398.0,190942.49,0.0,0.0,0,0,1,0,-2455.5100000000093,0.0,0.012696666976907725,1
3,4402.18,190942.49,186540.3,0.0,0.0,0,0,1,0,-4402.190000000002,0.0,0.023055004677062715,1
3,21568.37,26407.0,4838.63,0.0,0.0,0,0,1,0,-21568.37,0.0,0.8167671450751695,1
3,10531.72,30569.0,20037.28,0.0,0.0,0,0,1,0,-10531.720000000001,0.0,0.3445228826589028,1
3,18491.91,206358.0,187866.09,0.0,0.0,0,0,1,0,-18491.910000000003,0.0,0.08961082196958683,1
3,10580.12,589.0,0.0,0.0,0.0,0,0,1,0,-589.0,0.0,17.962852292020376,1
3,195.73,0.0,0.0,0.0,0.0,0,0,1,0,0.0,0.0,0.0,1
3,19637.34,71005.0,51367.66,0.0,0.0,0,0,1,0,-19637.339999999997,0.0,0.2765627772692064,1
3,1442.11,49828.0,48385.89,0.0,0.0,0,0,1,0,-1442.1100000000006,0.0,0.02894175965320703,1
3,429.8,48385.89,47956.09,0.0,0.0,0,0,1,0,-429.8000000000029,0.0,0.008882754869239772,1
3,1119.49,113022.0,111902.51,9818.27,10937.76,0,1,0,0,-1119.4900000000052,1119.4899999999998,0.009905062731149689,1
3,12827.97,20886.0,8058.03,0.0,0.0,0,0,1,0,-12827.970000000001,0.0,0.6141898879632289,1
3,3599.45,141076.0,137476.55,0.0,0.0,0,0,1,0,-3599.4500000000116,0.0,0.02551426181632595,1
3,9289.47,30609.0,21319.53,0.0,0.0,0,0,1,0,-9289.470000000001,0.0,0.30348818974811326,1
3,7108.61,21319.53,14210.92,34704.23,13707.11,1,0,0,0,-7108.609999999999,-20997.120000000003,0.3334318345667095,1
3,14503.9,508.0,0.0,0.0,0.0,0,0,1,0,-508.0,0.0,28.550984251968504,1
3,13881.42,0.0,0.0,138627.65,152509.08,1,0,0,0,0.0,13881.429999999993,0.0,1
3,66548.43,80178.0,13629.57,0.0,66548.43,0,0,0,1,-66548.43,66548.43,0.8300086058519792,1
3,8442.16,13629.57,5187.4,16518.36,24960.53,1,0,0,0,-8442.17,8442.169999999998,0.6194003185720459,1
3,68934.46,5187.4,0.0,313620.32,68880.79,1,0,0,0,-5187.4,-244739.53000000003,13.288826772564292,1
3,99349.84,0.0,0.0,9027510.57,9126860.4,1,0,0,0,0.0,99349.83000000007,0.0,1
3,443092.83,0.0,0.0,7314840.09,7760414.85,1,0,0,0,0.0,445574.7599999998,0.0,1
3,14878.76,315228.01,300349.25,0.0,0.0,0,0,1,0,-14878.76000000001,0.0,0.047199993426980044,1
3,76289.1,300349.25,224060.15,5995169.66,5792135.89,1,0,0,0,-76289.1,-203033.77000000048,0.2540013001530718,1
3,14546.82,1198.0,0.0,0.0,0.0,0,0,1,0,-1198.0,0.0,12.142587646076795,1
3,16795.7,61880.0,45084.3,0.0,0.0,0,0,1,0,-16795.699999999997,0.0,0.27142372333548803,1
3,17788.49,105641.0,87852.51,0.0,0.0,0,0,1,0,-17788.490000000005,0.0,0.16838623261801763,1
3,7547.06,87852.51,80305.45,62860.04,70407.1,1,0,0,0,-7547.059999999998,7547.060000000005,0.08590602590637422,1
3,11621.56,18551.0,6929.44,0.0,0.0,0,0,1,0,-11621.560000000001,0.0,0.626465419653927,1
3,25026.76,203643.0,178616.24,11654.0,26579.75,1,0,0,0,-25026.76000000001,14925.75,0.12289526278831091,1
3,7517.69,10966.0,3448.31,0.0,0.0,0,0,1,0,-7517.6900000000005,0.0,0.685545321904067,1
3,17694.76,453.0,0.0,0.0,0.0,0,0,1,0,-453.0,0.0,39.06128035320088,1
3,30161.79,104414.0,74252.21,0.0,0.0,0,0,1,0,-30161.789999999994,0.0,0.2888672974888425,1
3,10485.37,140998.36,130513.0,0.0,0.0,0,0,1,0,-10485.359999999986,0.0,0.07436519119796856,1
3,10438.26,130513.0,120074.73,998630.6,1099502.6,1,0,0,0,-10438.270000000004,100872.00000000012,0.07997869943990255,1
3,1651.39,400.0,0.0,0.0,0.0,0,0,1,0,-400.0,0.0,4.128475,1
3,27475.78,1084.0,0.0,0.0,0.0,0,0,1,0,-1084.0,0.0,25.346660516605166,1
3,2623.75,50241.0,47617.25,90756.9,93380.65,0,1,0,0,-2623.75,2623.75,0.05222328377221791,1
3,4475.02,47617.25,43142.23,0.0,0.0,0,0,1,0,-4475.019999999997,0.0,0.09397896770603091,1
3,10565.64,168998.0,158432.36,0.0,0.0,0,0,1,0,-10565.640000000014,0.0,0.06251931975526337,1
3,12769.01,40873.0,28103.99,0.0,0.0,0,0,1,0,-12769.009999999998,0.0,0.3124069679250361,1
3,35.2,5266.0,5230.8,0.0,0.0,0,0,1,0,-35.19999999999982,0.0,0.00668439042916825,1
3,2339.27,5230.8,2891.53,0.0,0.0,0,0,1,0,-2339.27,0.0,0.4472107517014606,1
3,620.13,26082.0,25461.87,0.0,0.0,0,0,1,0,-620.130000000001,0.0,0.023776167471819647,1
3,5204.2,94612.96,89408.76,5227.86,10432.07,0,1,0,0,-5204.200000000012,5204.21,0.055005149400251294,1
3,3361.21,89408.76,86047.54,0.0,0.0,0,0,1,0,-3361.220000000001,0.0,0.03759374361080503,1
3,22178.82,40962.0,18783.18,0.0,0.0,0,0,1,0,-22178.82,0.0,0.5414486597334115,1
3,2011.37,18783.18,16771.81,0.0,0.0,0,0,1,0,-2011.369999999999,0.0,0.10708357157840152,1
3,26279.17,106458.0,132737.17,47409.85,21130.68,0,0,0,0,26279.170000000013,-26279.17,0.24685011929587253,1
3,8501.84,11206.0,2704.16,0.0,0.0,0,0,1,0,-8501.84,0.0,0.7586864179903623,1
3,9103.87,36680.76,27576.89,0.0,0.0,0,0,1,0,-9103.870000000003,0.0,0.24819196766915408,1
3,997.13,27576.89,26579.75,0.0,0.0,0,0,1,0,-997.1399999999994,0.0,0.03615817447145055,1
3,4538.75,10819.0,6280.25,80056.78,0.0,0,1,0,0,-4538.75,-80056.78,0.4195165911821795,1
3,18934.49,50377.0,31442.51,0.0,0.0,0,0,1,0,-18934.49,0.0,0.3758558469142665,1
3,2419.01,31442.51,29023.5,0.0,0.0,0,0,1,0,-2419.0099999999984,0.0,0.07693437960264624,1
3,392.99,29023.5,28630.51,0.0,0.0,0,0,1,0,-392.9900000000016,0.0,0.013540406911640568,1
3,11500.28,21220.0,9719.72,8671.64,20171.92,0,0,0,1,-11500.28,11500.279999999999,0.5419547596606975,1
3,16061.03,11260.0,0.0,0.0,0.0,0,0,1,0,-11260.0,0.0,1.426379218472469,1
3,2909.12,47558.4,44649.28,0.0,0.0,0,0,1,0,-2909.1200000000026,0.0,0.06116942538016417,1
3,6188.23,44649.28,38461.05,0.0,0.0,0,0,1,0,-6188.229999999996,0.0,0.1385964118570333,1
3,2382.11,38461.05,36078.93,0.0,0.0,0,0,1,0,-2382.1200000000026,0.0,0.0619356465827116,1
3,5882.36,721.0,0.0,0.0,0.0,0,0,1,0,-721.0,0.0,8.158613037447989,1
3,8137.28,29899.0,21761.72,0.0,0.0,0,0,1,0,-8137.279999999999,0.0,0.27215893508144084,1
3,21414.91,20800.0,0.0,0.0,0.0,0,0,1,0,-20800.0,0.0,1.0295629807692308,1
3,20995.68,3000.0,0.0,0.0,0.0,0,0,1,0,-3000.0,0.0,6.99856,1
3,963.64,0.0,0.0,0.0,0.0,0,0,1,0,0.0,0.0,0.0,1
3,1725.53,0.0,0.0,0.0,0.0,0,0,1,0,0.0,0.0,0.0,1
3,5876.12,0.0,0.0,0.0,0.0,0,0,1,0,0.0,0.0,0.0,1
3,669.13,0.0,0.0,0.0,0.0,0,0,1,0,0.0,0.0,0.0,1
3,2465.65,0.0,0.0,0.0,0.0,0,0,1,0,0.0,0.0,0.0,1
3,3619.41,7578.0,3958.59,11421.0,17031.43,0,1,0,0,-3619.41,5610.43,0.47762074425969914,1
3,19420.39,82802.0,63381.61,0.0,0.0,0,0,1,0,-19420.39,0.0,0.23454010772686648,1
3,3204.22,259443.0,256238.78,0.0,0.0,0,0,1,0,-3204.220000000001,0.0,0.012350381393986348,1
3,7312.09,240694.0,233381.91,0.0,0.0,0,0,1,0,-7312.0899999999965,0.0,0.030379195160660424,1
3,20781.99,197549.0,176767.01,0.0,0.0,0,0,1,0,-20781.98999999999,0.0,0.10519916577659215,1
3,2210.24,176767.01,174556.77,0.0,0.0,0,0,1,0,-2210.24000000002,0.0,0.012503690592492341,1
3,10696.23,11100.0,403.77,0.0,0.0,0,0,1,0,-10696.23,0.0,0.9636243243243243,1
3,18799.1,257010.0,238210.9,0.0,0.0,0,0,1,0,-18799.100000000006,0.0,0.07314540290261079,1
3,11165.58,1295.12,0.0,0.0,0.0,0,0,1,0,-1295.12,0.0,8.62127061585027,1
3,2816.13,0.0,0.0,0.0,0.0,0,0,1,0,0.0,0.0,0.0,1
3,3117.69,70363.0,67245.31,1.305770852E7,1.306082621E7,0,1,0,0,-3117.6900000000023,3117.690000001341,0.04430865653823743,1
3,11706.28,8526.0,0.0,0.0,0.0,0,0,1,0,-8526.0,0.0,1.3730096176401596,1
3,20024.59,74815.0,54790.41,0.0,0.0,0,0,1,0,-20024.589999999997,0.0,0.26765474837933567,1
3,3891.04,40512.0,36620.96,0.0,0.0,0,0,1,0,-3891.040000000001,0.0,0.09604660347551343,1
3,372.28,36620.96,36248.68,0.0,0.0,0,0,1,0,-372.27999999999884,0.0,0.010165762994743994,1
3,136416.82,15719.0,0.0,52298.57,188715.38,1,0,0,0,-15719.0,136416.81,8.678466823589288,1
3,11128.08,502326.0,491197.92,0.0,0.0,0,0,1,0,-11128.080000000016,0.0,0.02215310376130242,1
3,18118.2,30075.0,11956.8,0.0,0.0,0,0,1,0,-18118.2,0.0,0.6024339152119701,1
3,732.85,11956.8,11223.95,0.0,0.0,0,0,1,0,-732.8499999999985,0.0,0.061291482670948756,1
3,19320.18,34302.99,53623.17,78197.44,36407.19,0,0,0,0,19320.18,-41790.25,0.5632214567884608,1
3,31678.91,53623.17,21944.26,32049.85,111995.96,1,0,0,0,-31678.91,79946.11000000002,0.5907690649396521,1
3,90433.73,21944.26,0.0,1009068.86,1099502.6,1,0,0,0,-21944.26,90433.7400000001,4.1210653719924935,1
3,4798.43,9166.0,4367.57,0.0,0.0,0,0,1,0,-4798.43,0.0,0.523503163866463,1
3,3027.72,60.0,0.0,0.0,0.0,0,0,1,0,-60.0,0.0,50.461999999999996,1
3,14586.28,3190.0,0.0,0.0,0.0,0,0,1,0,-3190.0,0.0,4.5725015673981195,1
3,19715.54,63401.0,43685.46,0.0,0.0,0,0,1,0,-19715.54,0.0,0.31096575763789214,1
3,9624.49,41287.0,31662.51,0.0,0.0,0,0,1,0,-9624.490000000002,0.0,0.2331118754087243,1
3,14144.71,10776.0,0.0,0.0,0.0,0,0,1,0,-10776.0,0.0,1.3126122865627319,1
3,3204.02,12566.0,9361.98,0.0,0.0,0,0,1,0,-3204.0200000000004,0.0,0.254975330256247,1
3,14685.31,51043.0,36357.69,0.0,0.0,0,0,1,0,-14685.309999999998,0.0,0.28770468036753327,1
3,348.29,36357.69,36009.4,0.0,0.0,0,0,1,0,-348.2900000000009,0.0,0.009579541494522892,1
3,7210.86,36009.4,28798.53,0.0,0.0,0,0,1,0,-7210.870000000003,0.0,0.20024937932873083,1
3,9778.62,95292.0,85513.38,0.0,0.0,0,0,1,0,-9778.619999999995,0.0,0.10261742853544895,1
3,32907.19,12517.0,0.0,0.0,0.0,0,0,1,0,-12517.0,0.0,2.6289997603259567,1
3,93705.81,0.0,0.0,317352.53,411058.34,1,0,0,0,0.0,93705.81,0.0,1
3,91705.07,0.0,0.0,379539.92,416581.85,1,0,0,0,0.0,37041.92999999999,0.0,1
3,10326.31,29690.0,19363.69,0.0,0.0,0,0,1,0,-10326.310000000001,0.0,0.3478043112158976,1
3,320.37,557054.0,556733.63,0.0,0.0,0,0,1,0,-320.36999999999534,0.0,5.751148003604677E-4,1
3,278349.71,536.0,0.0,544006.12,549946.93,1,0,0,0,-536.0,5940.810000000056,519.3091604477612,1
3,5365.37,31469.0,26103.63,0.0,0.0,0,0,1,0,-5365.369999999999,0.0,0.17049699704471066,1
3,63180.2,26103.63,0.0,267912.2,125857.29,1,0,0,0,-26103.63,-142054.91000000003,2.420360693129653,1
3,671.31,1024.0,352.69,0.0,0.0,0,0,1,0,-671.31,0.0,0.655576171875,1
3,2481.93,230466.0,227984.07,7757932.92,7760414.85,0,1,0,0,-2481.929999999993,2481.929999999702,0.010769180703444325,1
3,23840.24,31073.0,7232.76,0.0,0.0,0,0,1,0,-23840.239999999998,0.0,0.7672332893508834,1
3,1005.59,7232.76,6227.17,0.0,0.0,0,0,1,0,-1005.5900000000001,0.0,0.1390326790879277,1
3,1399.83,6227.17,4827.34,0.0,0.0,0,0,1,0,-1399.83,0.0,0.22479392725748612,1
3,15304.68,4827.34,0.0,0.0,0.0,0,0,1,0,-4827.34,0.0,3.1704168341156826,1
3,12638.35,0.0,0.0,0.0,0.0,0,0,1,0,0.0,0.0,0.0,1
3,4970.55,0.0,0.0,0.0,0.0,0,0,1,0,0.0,0.0,0.0,1
3,4798.39,0.0,0.0,0.0,0.0,0,0,1,0,0.0,0.0,0.0,1
3,8724.11,0.0,0.0,0.0,0.0,0,0,1,0,0.0,0.0,0.0,1
3,12208.56,0.0,0.0,0.0,0.0,0,0,1,0,0.0,0.0,0.0,1
3,9051.52,0.0,0.0,0.0,0.0,0,0,1,0,0.0,0.0,0.0,1
3,9718.62,0.0,0.0,0.0,0.0,0,0,1,0,0.0,0.0,0.0,1
3,2556.46,0.0,0.0,0.0,0.0,0,0,1,0,0.0,0.0,0.0,1
3,3198.62,0.0,0.0,0.0,0.0,0,0,1,0,0.0,0.0,0.0,1
3,10172.81,0.0,0.0,0.0,0.0,0,0,1,0,0.0,0.0,0.0,1
3,5694.58,0.0,0.0,0.0,0.0,0,0,1,0,0.0,0.0,0.0,1
3,3926.01,0.0,0.0,0.0,0.0,0,0,1,0,0.0,0.0,0.0,1
3,12587.22,0.0,0.0,0.0,0.0,0,0,1,0,0.0,0.0,0.0,1
3,16878.5,38211.98,21333.48,0.0,0.0,0,0,1,0,-16878.500000000004,0.0,0.44170702486497687,1
3,69219.36,21333.48,90552.84,262540.06,7616.73,0,0,0,0,69219.36,-254923.33,3.2446351931330475,1
3,254710.92,90552.84,345263.76,1.652369101E7,1.594559447E7,0,0,0,0,254710.92,-578096.5399999991,2.8128429765427567,1
3,107838.55,345263.76,453102.31,275001.94,167163.39,0,0,0,0,107838.54999999999,-107838.54999999999,0.3123367190347461,1
3,590182.14,453102.31,1043284.45,7665898.66,6818933.6,0,0,0,0,590182.1399999999,-846965.0600000005,1.3025361534793323,1
3,224808.55,1043284.45,1268093.0,748145.12,331525.89,0,0,0,0,224808.55000000005,-416619.23,0.21548154963873947,1
3,133683.73,1268093.0,1401776.73,822355.83,549946.93,0,0,0,0,133683.72999999998,-272408.8999999999,0.10542107716074453,1
3,105980.46,1401776.73,1507757.19,6646326.74,6540346.28,0,0,0,0,105980.45999999996,-105980.45999999996,0.07560437959331798,1
3,138725.17,1507757.19,1646482.36,688672.1,549946.93,0,0,0,0,138725.17000000016,-138725.16999999993,0.09200763287356635,1
3,176482.1,1646482.36,1822964.46,260744.05,84261.95,0,0,0,0,176482.09999999986,-176482.09999999998,0.10718736154573803,1
3,249046.59,1822964.46,2072011.06,3458012.98,3208966.39,0,0,0,0,249046.6000000001,-249046.58999999985,0.13661626184418318,1
3,38307.58,2072011.06,2110318.64,183763.58,144203.7,0,0,0,0,38307.580000000075,-39559.879999999976,0.01848811559915129,1
3,313673.99,2110318.64,2423992.63,382554.78,68880.79,0,0,0,0,313673.98999999976,-313673.99000000005,0.14863821228437804,1
3,392470.41,2423992.63,2816463.03,1427406.41,270110.78,0,0,0,0,392470.3999999999,-1157295.63,0.16191072742659288,1
3,166630.82,2816463.03,2983093.85,8740534.53,7928126.25,0,0,0,0,166630.8200000003,-812408.2799999993,0.059163148326502275,1
3,108616.0,2983093.85,3091709.85,2124864.17,1748436.14,0,0,0,0,108616.0,-376428.03,0.036410520574134804,1
3,118387.74,3091709.85,3210097.59,1.137538112E7,1.115733625E7,0,0,0,0,118387.73999999976,-218044.86999999918,0.038291995608837615,1
3,57234.15,3210097.59,3267331.74,76120.27,18886.12,0,0,0,0,57234.15000000037,-57234.15000000001,0.01782941122360084,1
3,57955.32,3267331.74,3325287.05,75105.0,6349066.6,0,0,0,0,57955.30999999959,6273961.6,0.0177378131796314,1
3,4362.02,3325287.05,3329649.08,18783.58,14421.56,0,0,0,0,4362.030000000261,-4362.020000000002,0.0013117724678836375,1
3,256782.92,3329649.08,3586432.0,7075716.53,6818933.6,0,0,0,0,256782.91999999993,-256782.93000000063,0.07712011501224027,1
3,422671.35,3586432.0,4009103.34,1.041180498E7,9989133.64,0,0,0,0,422671.33999999985,-422671.33999999985,0.11785288275366715,1
3,349779.04,4009103.34,4358882.39,1034936.0,270110.78,0,0,0,0,349779.0499999998,-764825.22,0.0872462020397808,1
3,58930.33,4358882.39,4417812.72,60738.03,1807.7,0,0,0,0,58930.330000000075,-58930.33,0.013519596246780131,1
3,53594.23,4417812.72,4471406.95,139555.44,85961.2,0,0,0,0,53594.23000000045,-53594.240000000005,0.012131394741423083,1
3,79311.12,4471406.95,4550718.07,6492164.85,6235766.54,0,0,0,0,79311.12000000011,-256398.3099999996,0.017737396950639885,1
3,204766.89,4550718.07,4755484.96,224060.15,19293.26,0,0,0,0,204766.88999999966,-204766.88999999998,0.044996610831573663,1
3,28105.73,4755484.96,4783590.69,41812.84,13707.11,0,0,0,0,28105.730000000447,-28105.729999999996,0.0059101711468770995,1
3,98566.11,4783590.69,4882156.79,375616.62,66548.75,0,0,0,0,98566.09999999963,-309067.87,0.020605046791743797,1
3,32906.54,4882156.79,4915063.33,41535.55,8629.02,0,0,0,0,32906.54000000004,-32906.53,0.006740164524703845,1
3,194926.14,4915063.33,5109989.47,291562.7,96636.56,0,0,0,0,194926.13999999966,-194926.14,0.03965892744661746,1
3,326468.84,5109989.47,5436458.31,3822931.57,2943614.6,0,0,0,0,326468.83999999985,-879316.9699999997,0.06388835865839858,1
3,92558.28,5436458.31,5529016.59,523336.57,331525.89,0,0,0,0,92558.28000000026,-191810.68,0.01702547407192386,1
3,327117.43,5529016.59,5856134.02,1303905.43,930271.58,0,0,0,0,327117.4299999997,-373633.85,0.05916376351476999,1
3,28444.78,5856134.02,5884578.8,84595.53,0.0,0,0,0,0,28444.78000000026,-84595.53,0.004857262470915924,1
3,267812.03,5884578.8,6152390.83,2016248.17,1748436.14,0,0,0,0,267812.03000000026,-267812.03,0.04551082398624691,1
3,381371.28,6152390.83,6533762.11,1303188.93,921817.65,0,0,0,0,381371.28000000026,-381371.2799999999,0.061987492429833174,1
3,440757.72,6533762.11,6533762.11,6533762.11,7074754.63,0,0,0,0,0.0,540992.5199999996,0.06745848908784344,1
3,140164.86,6533762.11,6673926.97,687379.98,547215.12,0,0,0,0,140164.8599999994,-140164.86,0.021452397200913697,1
3,168479.08,6673926.97,6842406.06,308642.49,140163.41,0,0,0,0,168479.08999999985,-168479.08,0.02524436973274222,1
3,185832.16,6842406.06,7028238.22,2025909.1,1840076.94,0,0,0,0,185832.16000000015,-185832.16000000015,0.02715889094719994,1
3,46516.42,7028238.22,7074754.63,976787.99,930271.58,0,0,0,0,46516.41000000015,-46516.41000000003,0.0066185036055878025,1
3,13030.42,13485.0,454.58,0.0,0.0,0,0,1,0,-13030.42,0.0,0.9662899517982944,1
3,6064.7,31164.0,25099.3,0.0,0.0,0,0,1,0,-6064.700000000001,0.0,0.19460595558978308,1
3,14979.83,25099.3,10119.47,1051654.28,1066634.1,1,0,0,0,-14979.83,14979.820000000065,0.5968226205511707,1
3,7536.31,125867.0,118330.69,0.0,0.0,0,0,1,0,-7536.309999999998,0.0,0.05987518571190225,1
3,5115.77,1789.0,0.0,0.0,0.0,0,0,1,0,-1789.0,0.0,2.8595695919508106,1
3,79.55,0.0,0.0,0.0,0.0,0,0,1,0,0.0,0.0,0.0,1
3,9169.8,20746.0,11576.2,0.0,0.0,0,0,1,0,-9169.8,0.0,0.44200327774028725,1
3,7118.78,14281.0,7162.22,0.0,0.0,0,0,1,0,-7118.78,0.0,0.4984790981023738,1
3,6745.4,25920.0,19174.6,0.0,0.0,0,0,1,0,-6745.4000000000015,0.0,0.26023919753086416,1
